Entity,Code,Year,Share of the population in extreme poverty
Afghanistan,AFG,2015,37.64
Afghanistan,AFG,2016,37.19
Afghanistan,AFG,2017,36
Afghanistan,AFG,2018,34.46
Afghanistan,AFG,2019,32.65
Afghanistan,AFG,2020,30.66
Afghanistan,AFG,2021,28.53
Afghanistan,AFG,2022,26.32
Afghanistan,AFG,2023,25.12
Afghanistan,AFG,2024,23.99
Afghanistan,AFG,2025,22.93
Afghanistan,AFG,2026,21.81
Afghanistan,AFG,2027,20.75
Afghanistan,AFG,2028,19.75
Afghanistan,AFG,2029,18.81
Afghanistan,AFG,2030,17.92
Africa,,2015,33.86
Africa,,2016,33.9
Africa,,2017,33.48
Africa,,2018,32.89
Africa,,2019,32.26
Africa,,2020,31.58
Africa,,2021,30.93
Africa,,2022,30.18
Africa,,2023,29.05
Africa,,2024,27.97
Africa,,2025,26.94
Africa,,2026,25.92
Africa,,2027,24.94
Africa,,2028,24.01
Africa,,2029,23.12
Africa,,2030,22.28
Albania,ALB,2015,0.6
Albania,ALB,2016,0.52
Albania,ALB,2017,0.45
Albania,ALB,2018,0.38
Albania,ALB,2019,0.33
Albania,ALB,2020,0.28
Albania,ALB,2021,0.24
Albania,ALB,2022,0.21
Albania,ALB,2023,0.19
Albania,ALB,2024,0.17
Albania,ALB,2025,0.16
Albania,ALB,2026,0.14
Albania,ALB,2027,0.14
Albania,ALB,2028,0.12
Albania,ALB,2029,0.11
Albania,ALB,2030,0.11
Algeria,DZA,2015,2.09
Algeria,DZA,2016,1.88
Algeria,DZA,2017,1.91
Algeria,DZA,2018,1.99
Algeria,DZA,2019,2.02
Algeria,DZA,2020,2
Algeria,DZA,2021,1.93
Algeria,DZA,2022,1.85
Algeria,DZA,2023,1.69
Algeria,DZA,2024,1.54
Algeria,DZA,2025,1.4
Algeria,DZA,2026,1.27
Algeria,DZA,2027,1.15
Algeria,DZA,2028,1.04
Algeria,DZA,2029,0.94
Algeria,DZA,2030,0.85
Angola,AGO,2015,24.65
Angola,AGO,2016,25.75
Angola,AGO,2017,26.38
Angola,AGO,2018,26.92
Angola,AGO,2019,27.52
Angola,AGO,2020,28.07
Angola,AGO,2021,28.68
Angola,AGO,2022,29.26
Angola,AGO,2023,29.06
Angola,AGO,2024,28.87
Angola,AGO,2025,28.69
Angola,AGO,2026,28.52
Angola,AGO,2027,28.36
Angola,AGO,2028,28.21
Angola,AGO,2029,28.07
Angola,AGO,2030,27.94
Antigua and Barbuda,ATG,2015,1.94
Antigua and Barbuda,ATG,2016,1.83
Antigua and Barbuda,ATG,2017,1.75
Antigua and Barbuda,ATG,2018,1.69
Antigua and Barbuda,ATG,2019,1.63
Antigua and Barbuda,ATG,2020,1.57
Antigua and Barbuda,ATG,2021,1.51
Antigua and Barbuda,ATG,2022,1.46
Antigua and Barbuda,ATG,2023,1.39
Antigua and Barbuda,ATG,2024,1.33
Antigua and Barbuda,ATG,2025,1.27
Antigua and Barbuda,ATG,2026,1.21
Antigua and Barbuda,ATG,2027,1.16
Antigua and Barbuda,ATG,2028,1.11
Antigua and Barbuda,ATG,2029,1.05
Antigua and Barbuda,ATG,2030,1.01
Argentina,ARG,2015,0.14
Argentina,ARG,2016,0.15
Argentina,ARG,2017,0.15
Argentina,ARG,2018,0.14
Argentina,ARG,2019,0.14
Argentina,ARG,2020,0.14
Argentina,ARG,2021,0.14
Argentina,ARG,2022,0.14
Argentina,ARG,2023,0.13
Argentina,ARG,2024,0.13
Argentina,ARG,2025,0.13
Argentina,ARG,2026,0.13
Argentina,ARG,2027,0.13
Argentina,ARG,2028,0.12
Argentina,ARG,2029,0.12
Argentina,ARG,2030,0.12
Armenia,ARM,2015,2.96
Armenia,ARM,2016,2.97
Armenia,ARM,2017,2.63
Armenia,ARM,2018,2.33
Armenia,ARM,2019,2.06
Armenia,ARM,2020,1.8
Armenia,ARM,2021,1.56
Armenia,ARM,2022,1.33
Armenia,ARM,2023,1.16
Armenia,ARM,2024,1.03
Armenia,ARM,2025,0.91
Armenia,ARM,2026,0.82
Armenia,ARM,2027,0.74
Armenia,ARM,2028,0.67
Armenia,ARM,2029,0.62
Armenia,ARM,2030,0.56
Asia,,2015,6.63
Asia,,2016,5.53
Asia,,2017,4.48
Asia,,2018,3.52
Asia,,2019,2.74
Asia,,2020,2.13
Asia,,2021,1.68
Asia,,2022,1.34
Asia,,2023,1.16
Asia,,2024,1.05
Asia,,2025,0.97
Asia,,2026,0.9
Asia,,2027,0.85
Asia,,2028,0.81
Asia,,2029,0.78
Asia,,2030,0.76
Australia,AUS,2015,0.21
Australia,AUS,2016,0.21
Australia,AUS,2017,0.21
Australia,AUS,2018,0.21
Australia,AUS,2019,0.21
Australia,AUS,2020,0.2
Australia,AUS,2021,0.2
Australia,AUS,2022,0.2
Australia,AUS,2023,0.2
Australia,AUS,2024,0.2
Australia,AUS,2025,0.2
Australia,AUS,2026,0.2
Australia,AUS,2027,0.2
Australia,AUS,2028,0.2
Australia,AUS,2029,0.2
Australia,AUS,2030,0.2
Austria,AUT,2015,0.39
Austria,AUT,2016,0.39
Austria,AUT,2017,0.39
Austria,AUT,2018,0.39
Austria,AUT,2019,0.39
Austria,AUT,2020,0.39
Austria,AUT,2021,0.39
Austria,AUT,2022,0.38
Austria,AUT,2023,0.38
Austria,AUT,2024,0.38
Austria,AUT,2025,0.38
Austria,AUT,2026,0.38
Austria,AUT,2027,0.38
Austria,AUT,2028,0.38
Austria,AUT,2029,0.38
Austria,AUT,2030,0.38
Azerbaijan,AZE,2015,0.24
Azerbaijan,AZE,2016,0.27
Azerbaijan,AZE,2017,0.29
Azerbaijan,AZE,2018,0.28
Azerbaijan,AZE,2019,0.26
Azerbaijan,AZE,2020,0.25
Azerbaijan,AZE,2021,0.24
Azerbaijan,AZE,2022,0.22
Azerbaijan,AZE,2023,0.22
Azerbaijan,AZE,2024,0.21
Azerbaijan,AZE,2025,0.21
Azerbaijan,AZE,2026,0.2
Azerbaijan,AZE,2027,0.2
Azerbaijan,AZE,2028,0.2
Azerbaijan,AZE,2029,0.19
Azerbaijan,AZE,2030,0.19
Bahamas,BHS,2015,1.9
Bahamas,BHS,2016,1.93
Bahamas,BHS,2017,1.92
Bahamas,BHS,2018,1.9
Bahamas,BHS,2019,1.88
Bahamas,BHS,2020,1.86
Bahamas,BHS,2021,1.85
Bahamas,BHS,2022,1.85
Bahamas,BHS,2023,1.87
Bahamas,BHS,2024,1.89
Bahamas,BHS,2025,1.91
Bahamas,BHS,2026,1.93
Bahamas,BHS,2027,1.94
Bahamas,BHS,2028,1.96
Bahamas,BHS,2029,1.98
Bahamas,BHS,2030,2
Bahrain,BHR,2015,0.11
Bahrain,BHR,2016,0.1
Bahrain,BHR,2017,0.09
Bahrain,BHR,2018,0.09
Bahrain,BHR,2019,0.08
Bahrain,BHR,2020,0.08
Bahrain,BHR,2021,0.07
Bahrain,BHR,2022,0.07
Bahrain,BHR,2023,0.07
Bahrain,BHR,2024,0.07
Bahrain,BHR,2025,0.06
Bahrain,BHR,2026,0.06
Bahrain,BHR,2027,0.06
Bahrain,BHR,2028,0.06
Bahrain,BHR,2029,0.06
Bahrain,BHR,2030,0.05
Bangladesh,BGD,2015,10.62
Bangladesh,BGD,2016,8.06
Bangladesh,BGD,2017,5.84
Bangladesh,BGD,2018,3.98
Bangladesh,BGD,2019,2.55
Bangladesh,BGD,2020,1.53
Bangladesh,BGD,2021,0.88
Bangladesh,BGD,2022,0.5
Bangladesh,BGD,2023,0.31
Bangladesh,BGD,2024,0.19
Bangladesh,BGD,2025,0.12
Bangladesh,BGD,2026,0.08
Bangladesh,BGD,2027,0.05
Bangladesh,BGD,2028,0.04
Bangladesh,BGD,2029,0.03
Bangladesh,BGD,2030,0.02
Barbados,BRB,2015,1.51
Barbados,BRB,2016,1.49
Barbados,BRB,2017,1.47
Barbados,BRB,2018,1.44
Barbados,BRB,2019,1.42
Barbados,BRB,2020,1.41
Barbados,BRB,2021,1.39
Barbados,BRB,2022,1.38
Barbados,BRB,2023,1.38
Barbados,BRB,2024,1.38
Barbados,BRB,2025,1.37
Barbados,BRB,2026,1.38
Barbados,BRB,2027,1.38
Barbados,BRB,2028,1.38
Barbados,BRB,2029,1.38
Barbados,BRB,2030,1.39
Belarus,BLR,2015,0.07
Belarus,BLR,2016,0.07
Belarus,BLR,2017,0.07
Belarus,BLR,2018,0.07
Belarus,BLR,2019,0.07
Belarus,BLR,2020,0.07
Belarus,BLR,2021,0.07
Belarus,BLR,2022,0.06
Belarus,BLR,2023,0.06
Belarus,BLR,2024,0.06
Belarus,BLR,2025,0.06
Belarus,BLR,2026,0.06
Belarus,BLR,2027,0.06
Belarus,BLR,2028,0.06
Belarus,BLR,2029,0.06
Belarus,BLR,2030,0.06
Belgium,BEL,2015,0.32
Belgium,BEL,2016,0.32
Belgium,BEL,2017,0.32
Belgium,BEL,2018,0.31
Belgium,BEL,2019,0.31
Belgium,BEL,2020,0.31
Belgium,BEL,2021,0.31
Belgium,BEL,2022,0.31
Belgium,BEL,2023,0.31
Belgium,BEL,2024,0.31
Belgium,BEL,2025,0.31
Belgium,BEL,2026,0.31
Belgium,BEL,2027,0.31
Belgium,BEL,2028,0.31
Belgium,BEL,2029,0.31
Belgium,BEL,2030,0.31
Belize,BLZ,2015,10.23
Belize,BLZ,2016,10.74
Belize,BLZ,2017,10.6
Belize,BLZ,2018,10.56
Belize,BLZ,2019,10.55
Belize,BLZ,2020,10.54
Belize,BLZ,2021,10.53
Belize,BLZ,2022,10.52
Belize,BLZ,2023,10.22
Belize,BLZ,2024,9.94
Belize,BLZ,2025,9.67
Belize,BLZ,2026,9.38
Belize,BLZ,2027,9.1
Belize,BLZ,2028,8.83
Belize,BLZ,2029,8.58
Belize,BLZ,2030,8.33
Benin,BEN,2015,49.23
Benin,BEN,2016,48.47
Benin,BEN,2017,47.02
Benin,BEN,2018,45.28
Benin,BEN,2019,43.41
Benin,BEN,2020,41.38
Benin,BEN,2021,39.17
Benin,BEN,2022,37.39
Benin,BEN,2023,35.68
Benin,BEN,2024,34.01
Benin,BEN,2025,32.38
Benin,BEN,2026,30.56
Benin,BEN,2027,28.8
Benin,BEN,2028,27.09
Benin,BEN,2029,25.42
Benin,BEN,2030,23.81
Bhutan,BTN,2015,0.22
Bhutan,BTN,2016,0.16
Bhutan,BTN,2017,0.12
Bhutan,BTN,2018,0.07
Bhutan,BTN,2019,0.04
Bhutan,BTN,2020,0.02
Bhutan,BTN,2021,0.02
Bhutan,BTN,2022,0.02
Bhutan,BTN,2023,0.01
Bhutan,BTN,2024,0.01
Bhutan,BTN,2025,0.02
Bhutan,BTN,2026,0.01
Bhutan,BTN,2027,0.01
Bhutan,BTN,2028,0.01
Bhutan,BTN,2029,0.01
Bhutan,BTN,2030,0
Bolivia,BOL,2015,5.85
Bolivia,BOL,2016,5.62
Bolivia,BOL,2017,5.41
Bolivia,BOL,2018,5.23
Bolivia,BOL,2019,5.07
Bolivia,BOL,2020,4.91
Bolivia,BOL,2021,4.76
Bolivia,BOL,2022,4.61
Bolivia,BOL,2023,4.35
Bolivia,BOL,2024,4.11
Bolivia,BOL,2025,3.89
Bolivia,BOL,2026,3.67
Bolivia,BOL,2027,3.46
Bolivia,BOL,2028,3.27
Bolivia,BOL,2029,3.09
Bolivia,BOL,2030,2.92
Bosnia and Herzegovina,BIH,2015,0.05
Bosnia and Herzegovina,BIH,2016,0.05
Bosnia and Herzegovina,BIH,2017,0.04
Bosnia and Herzegovina,BIH,2018,0.04
Bosnia and Herzegovina,BIH,2019,0.04
Bosnia and Herzegovina,BIH,2020,0.03
Bosnia and Herzegovina,BIH,2021,0.03
Bosnia and Herzegovina,BIH,2022,0.02
Bosnia and Herzegovina,BIH,2023,0.02
Bosnia and Herzegovina,BIH,2024,0.03
Bosnia and Herzegovina,BIH,2025,0.02
Bosnia and Herzegovina,BIH,2026,0.02
Bosnia and Herzegovina,BIH,2027,0.02
Bosnia and Herzegovina,BIH,2028,0.03
Bosnia and Herzegovina,BIH,2029,0.02
Bosnia and Herzegovina,BIH,2030,0.02
Botswana,BWA,2015,18.57
Botswana,BWA,2016,18.32
Botswana,BWA,2017,17.76
Botswana,BWA,2018,17.17
Botswana,BWA,2019,16.55
Botswana,BWA,2020,15.92
Botswana,BWA,2021,15.35
Botswana,BWA,2022,14.79
Botswana,BWA,2023,13.83
Botswana,BWA,2024,12.91
Botswana,BWA,2025,12.02
Botswana,BWA,2026,11.2
Botswana,BWA,2027,10.41
Botswana,BWA,2028,9.64
Botswana,BWA,2029,8.88
Botswana,BWA,2030,8.14
Brazil,BRA,2015,3.75
Brazil,BRA,2016,4.14
Brazil,BRA,2017,4.19
Brazil,BRA,2018,4.11
Brazil,BRA,2019,4
Brazil,BRA,2020,3.89
Brazil,BRA,2021,3.79
Brazil,BRA,2022,3.68
Brazil,BRA,2023,3.62
Brazil,BRA,2024,3.56
Brazil,BRA,2025,3.5
Brazil,BRA,2026,3.44
Brazil,BRA,2027,3.39
Brazil,BRA,2028,3.33
Brazil,BRA,2029,3.28
Brazil,BRA,2030,3.23
Brunei,BRN,2015,0.02
Brunei,BRN,2016,0.02
Brunei,BRN,2017,0.02
Brunei,BRN,2018,0.02
Brunei,BRN,2019,0.02
Brunei,BRN,2020,0.02
Brunei,BRN,2021,0.02
Brunei,BRN,2022,0.02
Brunei,BRN,2023,0.01
Brunei,BRN,2024,0.01
Brunei,BRN,2025,0.01
Brunei,BRN,2026,0.01
Brunei,BRN,2027,0.01
Brunei,BRN,2028,0.01
Brunei,BRN,2029,0.01
Brunei,BRN,2030,0.01
Bulgaria,BGR,2015,1.44
Bulgaria,BGR,2016,1.37
Bulgaria,BGR,2017,1.32
Bulgaria,BGR,2018,1.27
Bulgaria,BGR,2019,1.23
Bulgaria,BGR,2020,1.18
Bulgaria,BGR,2021,1.15
Bulgaria,BGR,2022,1.11
Bulgaria,BGR,2023,1.09
Bulgaria,BGR,2024,1.06
Bulgaria,BGR,2025,1.04
Bulgaria,BGR,2026,1.02
Bulgaria,BGR,2027,1.01
Bulgaria,BGR,2028,0.99
Bulgaria,BGR,2029,0.98
Bulgaria,BGR,2030,0.97
Burkina Faso,BFA,2015,36.57
Burkina Faso,BFA,2016,34.95
Burkina Faso,BFA,2017,32.88
Burkina Faso,BFA,2018,30.67
Burkina Faso,BFA,2019,28.4
Burkina Faso,BFA,2020,26.11
Burkina Faso,BFA,2021,23.89
Burkina Faso,BFA,2022,21.86
Burkina Faso,BFA,2023,19.59
Burkina Faso,BFA,2024,17.41
Burkina Faso,BFA,2025,15.31
Burkina Faso,BFA,2026,13.04
Burkina Faso,BFA,2027,10.91
Burkina Faso,BFA,2028,8.91
Burkina Faso,BFA,2029,7.06
Burkina Faso,BFA,2030,5.39
Burundi,BDI,2015,81.4
Burundi,BDI,2016,84.02
Burundi,BDI,2017,85.88
Burundi,BDI,2018,87.54
Burundi,BDI,2019,88.94
Burundi,BDI,2020,90.19
Burundi,BDI,2021,91.36
Burundi,BDI,2022,92.44
Burundi,BDI,2023,90.89
Burundi,BDI,2024,89.38
Burundi,BDI,2025,87.91
Burundi,BDI,2026,86.13
Burundi,BDI,2027,84.39
Burundi,BDI,2028,82.69
Burundi,BDI,2029,81.01
Burundi,BDI,2030,79.36
Cambodia,KHM,2015,0.52
Cambodia,KHM,2016,0.23
Cambodia,KHM,2017,0.1
Cambodia,KHM,2018,0.05
Cambodia,KHM,2019,0.02
Cambodia,KHM,2020,0.01
Cambodia,KHM,2021,0.01
Cambodia,KHM,2022,0
Cambodia,KHM,2023,0
Cambodia,KHM,2024,0
Cambodia,KHM,2025,0
Cambodia,KHM,2026,0
Cambodia,KHM,2027,0
Cambodia,KHM,2028,0
Cambodia,KHM,2029,0
Cambodia,KHM,2030,0
Cameroon,CMR,2015,23.88
Cameroon,CMR,2016,23.24
Cameroon,CMR,2017,22.84
Cameroon,CMR,2018,22.25
Cameroon,CMR,2019,21.5
Cameroon,CMR,2020,20.72
Cameroon,CMR,2021,19.86
Cameroon,CMR,2022,19.01
Cameroon,CMR,2023,17.84
Cameroon,CMR,2024,16.71
Cameroon,CMR,2025,15.63
Cameroon,CMR,2026,14.52
Cameroon,CMR,2027,13.46
Cameroon,CMR,2028,12.45
Cameroon,CMR,2029,11.48
Cameroon,CMR,2030,10.54
Canada,CAN,2015,0.28
Canada,CAN,2016,0.28
Canada,CAN,2017,0.28
Canada,CAN,2018,0.28
Canada,CAN,2019,0.28
Canada,CAN,2020,0.27
Canada,CAN,2021,0.27
Canada,CAN,2022,0.27
Canada,CAN,2023,0.27
Canada,CAN,2024,0.27
Canada,CAN,2025,0.27
Canada,CAN,2026,0.27
Canada,CAN,2027,0.27
Canada,CAN,2028,0.27
Canada,CAN,2029,0.27
Canada,CAN,2030,0.27
Cape Verde,CPV,2015,18.57
Cape Verde,CPV,2016,17.68
Cape Verde,CPV,2017,16.8
Cape Verde,CPV,2018,15.91
Cape Verde,CPV,2019,15.03
Cape Verde,CPV,2020,14.17
Cape Verde,CPV,2021,13.28
Cape Verde,CPV,2022,12.41
Cape Verde,CPV,2023,11.85
Cape Verde,CPV,2024,11.31
Cape Verde,CPV,2025,10.78
Cape Verde,CPV,2026,10.28
Cape Verde,CPV,2027,9.79
Cape Verde,CPV,2028,9.31
Cape Verde,CPV,2029,8.85
Cape Verde,CPV,2030,8.4
Central African Republic,CAF,2015,85.96
Central African Republic,CAF,2016,85.94
Central African Republic,CAF,2017,85.54
Central African Republic,CAF,2018,84.78
Central African Republic,CAF,2019,83.74
Central African Republic,CAF,2020,82.48
Central African Republic,CAF,2021,81.01
Central African Republic,CAF,2022,79.4
Central African Republic,CAF,2023,79.99
Central African Republic,CAF,2024,80.53
Central African Republic,CAF,2025,81.04
Central African Republic,CAF,2026,81.33
Central African Republic,CAF,2027,81.61
Central African Republic,CAF,2028,81.87
Central African Republic,CAF,2029,82.12
Central African Republic,CAF,2030,82.34
Chad,TCD,2015,36.44
Chad,TCD,2016,40.87
Chad,TCD,2017,42.23
Chad,TCD,2018,42.65
Chad,TCD,2019,42.76
Chad,TCD,2020,42.61
Chad,TCD,2021,42.37
Chad,TCD,2022,41.92
Chad,TCD,2023,41.49
Chad,TCD,2024,41.09
Chad,TCD,2025,40.7
Chad,TCD,2026,40.07
Chad,TCD,2027,39.46
Chad,TCD,2028,38.86
Chad,TCD,2029,38.29
Chad,TCD,2030,37.74
Chile,CHL,2015,0.05
Chile,CHL,2016,0.05
Chile,CHL,2017,0.05
Chile,CHL,2018,0.04
Chile,CHL,2019,0.04
Chile,CHL,2020,0.03
Chile,CHL,2021,0.03
Chile,CHL,2022,0.03
Chile,CHL,2023,0.03
Chile,CHL,2024,0.03
Chile,CHL,2025,0.02
Chile,CHL,2026,0.02
Chile,CHL,2027,0.02
Chile,CHL,2028,0.01
Chile,CHL,2029,0.01
Chile,CHL,2030,0.01
China,CHN,2015,0.93
China,CHN,2016,0.7
China,CHN,2017,0.53
China,CHN,2018,0.42
China,CHN,2019,0.33
China,CHN,2020,0.27
China,CHN,2021,0.22
China,CHN,2022,0.19
China,CHN,2023,0.15
China,CHN,2024,0.13
China,CHN,2025,0.11
China,CHN,2026,0.1
China,CHN,2027,0.09
China,CHN,2028,0.08
China,CHN,2029,0.07
China,CHN,2030,0.07
Colombia,COL,2015,6.49
Colombia,COL,2016,6.35
Colombia,COL,2017,6.17
Colombia,COL,2018,5.89
Colombia,COL,2019,5.56
Colombia,COL,2020,5.23
Colombia,COL,2021,4.9
Colombia,COL,2022,4.58
Colombia,COL,2023,4.39
Colombia,COL,2024,4.2
Colombia,COL,2025,4.01
Colombia,COL,2026,3.82
Colombia,COL,2027,3.63
Colombia,COL,2028,3.44
Colombia,COL,2029,3.26
Colombia,COL,2030,3.09
Comoros,COM,2015,16.18
Comoros,COM,2016,16.25
Comoros,COM,2017,15.94
Comoros,COM,2018,15.39
Comoros,COM,2019,14.84
Comoros,COM,2020,14.29
Comoros,COM,2021,13.73
Comoros,COM,2022,13.17
Comoros,COM,2023,12.48
Comoros,COM,2024,11.81
Comoros,COM,2025,11.16
Comoros,COM,2026,10.46
Comoros,COM,2027,9.79
Comoros,COM,2028,9.14
Comoros,COM,2029,8.52
Comoros,COM,2030,7.92
Congo,COG,2015,40.94
Congo,COG,2016,43.11
Congo,COG,2017,43.96
Congo,COG,2018,41.58
Congo,COG,2019,42.05
Congo,COG,2020,41.94
Congo,COG,2021,42.04
Congo,COG,2022,42.21
Congo,COG,2023,41.18
Congo,COG,2024,40.17
Congo,COG,2025,39.17
Congo,COG,2026,38.23
Congo,COG,2027,37.3
Congo,COG,2028,36.4
Congo,COG,2029,35.51
Congo,COG,2030,34.63
Cote d'Ivoire,CIV,2015,28.69
Cote d'Ivoire,CIV,2016,26.55
Cote d'Ivoire,CIV,2017,24.5
Cote d'Ivoire,CIV,2018,22.64
Cote d'Ivoire,CIV,2019,20.94
Cote d'Ivoire,CIV,2020,19.37
Cote d'Ivoire,CIV,2021,17.94
Cote d'Ivoire,CIV,2022,16.61
Cote d'Ivoire,CIV,2023,14.79
Cote d'Ivoire,CIV,2024,13.1
Cote d'Ivoire,CIV,2025,11.54
Cote d'Ivoire,CIV,2026,10.04
Cote d'Ivoire,CIV,2027,8.68
Cote d'Ivoire,CIV,2028,7.43
Cote d'Ivoire,CIV,2029,6.32
Cote d'Ivoire,CIV,2030,5.32
Croatia,HRV,2015,0.7
Croatia,HRV,2016,0.67
Croatia,HRV,2017,0.64
Croatia,HRV,2018,0.61
Croatia,HRV,2019,0.59
Croatia,HRV,2020,0.57
Croatia,HRV,2021,0.56
Croatia,HRV,2022,0.54
Croatia,HRV,2023,0.53
Croatia,HRV,2024,0.53
Croatia,HRV,2025,0.52
Croatia,HRV,2026,0.51
Croatia,HRV,2027,0.52
Croatia,HRV,2028,0.51
Croatia,HRV,2029,0.51
Croatia,HRV,2030,0.5
Cuba,CUB,2015,2.11
Cuba,CUB,2016,1.92
Cuba,CUB,2017,1.76
Cuba,CUB,2018,1.61
Cuba,CUB,2019,1.47
Cuba,CUB,2020,1.34
Cuba,CUB,2021,1.23
Cuba,CUB,2022,1.13
Cuba,CUB,2023,1.05
Cuba,CUB,2024,0.97
Cuba,CUB,2025,0.91
Cuba,CUB,2026,0.84
Cuba,CUB,2027,0.79
Cuba,CUB,2028,0.73
Cuba,CUB,2029,0.69
Cuba,CUB,2030,0.64
Cyprus,CYP,2015,0.05
Cyprus,CYP,2016,0.05
Cyprus,CYP,2017,0.05
Cyprus,CYP,2018,0.05
Cyprus,CYP,2019,0.05
Cyprus,CYP,2020,0.05
Cyprus,CYP,2021,0.05
Cyprus,CYP,2022,0.05
Cyprus,CYP,2023,0.05
Cyprus,CYP,2024,0.05
Cyprus,CYP,2025,0.05
Cyprus,CYP,2026,0.05
Cyprus,CYP,2027,0.05
Cyprus,CYP,2028,0.05
Cyprus,CYP,2029,0.05
Cyprus,CYP,2030,0.05
Czechia,CZE,2015,0.2
Czechia,CZE,2016,0.2
Czechia,CZE,2017,0.2
Czechia,CZE,2018,0.19
Czechia,CZE,2019,0.19
Czechia,CZE,2020,0.19
Czechia,CZE,2021,0.19
Czechia,CZE,2022,0.18
Czechia,CZE,2023,0.18
Czechia,CZE,2024,0.18
Czechia,CZE,2025,0.18
Czechia,CZE,2026,0.18
Czechia,CZE,2027,0.18
Czechia,CZE,2028,0.18
Czechia,CZE,2029,0.18
Czechia,CZE,2030,0.18
Democratic Republic of Congo,COD,2015,71.57
Democratic Republic of Congo,COD,2016,71.82
Democratic Republic of Congo,COD,2017,71.89
Democratic Republic of Congo,COD,2018,71.65
Democratic Republic of Congo,COD,2019,71.26
Democratic Republic of Congo,COD,2020,70.73
Democratic Republic of Congo,COD,2021,69.96
Democratic Republic of Congo,COD,2022,69.05
Democratic Republic of Congo,COD,2023,66.46
Democratic Republic of Congo,COD,2024,63.89
Democratic Republic of Congo,COD,2025,61.33
Democratic Republic of Congo,COD,2026,58.91
Democratic Republic of Congo,COD,2027,56.54
Democratic Republic of Congo,COD,2028,54.21
Democratic Republic of Congo,COD,2029,51.93
Democratic Republic of Congo,COD,2030,49.69
Denmark,DNK,2015,0.85
Denmark,DNK,2016,0.85
Denmark,DNK,2017,0.85
Denmark,DNK,2018,0.85
Denmark,DNK,2019,0.85
Denmark,DNK,2020,0.84
Denmark,DNK,2021,0.84
Denmark,DNK,2022,0.84
Denmark,DNK,2023,0.84
Denmark,DNK,2024,0.84
Denmark,DNK,2025,0.84
Denmark,DNK,2026,0.84
Denmark,DNK,2027,0.84
Denmark,DNK,2028,0.84
Denmark,DNK,2029,0.84
Denmark,DNK,2030,0.84
Djibouti,DJI,2015,18.57
Djibouti,DJI,2016,17.01
Djibouti,DJI,2017,15.4
Djibouti,DJI,2018,13.91
Djibouti,DJI,2019,12.51
Djibouti,DJI,2020,11.42
Djibouti,DJI,2021,10.39
Djibouti,DJI,2022,9.42
Djibouti,DJI,2023,8.65
Djibouti,DJI,2024,7.93
Djibouti,DJI,2025,7.25
Djibouti,DJI,2026,6.54
Djibouti,DJI,2027,5.9
Djibouti,DJI,2028,5.31
Djibouti,DJI,2029,4.77
Djibouti,DJI,2030,4.28
Dominican Republic,DOM,2015,0.74
Dominican Republic,DOM,2016,0.34
Dominican Republic,DOM,2017,0.17
Dominican Republic,DOM,2018,0.08
Dominican Republic,DOM,2019,0.03
Dominican Republic,DOM,2020,0.01
Dominican Republic,DOM,2021,0.01
Dominican Republic,DOM,2022,0
Dominican Republic,DOM,2023,0
Dominican Republic,DOM,2024,0
Dominican Republic,DOM,2025,0
Dominican Republic,DOM,2026,0
Dominican Republic,DOM,2027,0
Dominican Republic,DOM,2028,0
Dominican Republic,DOM,2029,0
Dominican Republic,DOM,2030,0
Ecuador,ECU,2015,3.78
Ecuador,ECU,2016,4.14
Ecuador,ECU,2017,4.48
Ecuador,ECU,2018,4.67
Ecuador,ECU,2019,4.75
Ecuador,ECU,2020,4.77
Ecuador,ECU,2021,4.75
Ecuador,ECU,2022,4.72
Ecuador,ECU,2023,4.55
Ecuador,ECU,2024,4.38
Ecuador,ECU,2025,4.22
Ecuador,ECU,2026,4.05
Ecuador,ECU,2027,3.9
Ecuador,ECU,2028,3.76
Ecuador,ECU,2029,3.61
Ecuador,ECU,2030,3.48
Egypt,EGY,2015,0.4
Egypt,EGY,2016,0.38
Egypt,EGY,2017,0.36
Egypt,EGY,2018,0.33
Egypt,EGY,2019,0.3
Egypt,EGY,2020,0.27
Egypt,EGY,2021,0.24
Egypt,EGY,2022,0.22
Egypt,EGY,2023,0.2
Egypt,EGY,2024,0.19
Egypt,EGY,2025,0.18
Egypt,EGY,2026,0.16
Egypt,EGY,2027,0.15
Egypt,EGY,2028,0.14
Egypt,EGY,2029,0.13
Egypt,EGY,2030,0.13
El Salvador,SLV,2015,3.42
El Salvador,SLV,2016,3.24
El Salvador,SLV,2017,3.08
El Salvador,SLV,2018,2.92
El Salvador,SLV,2019,2.79
El Salvador,SLV,2020,2.67
El Salvador,SLV,2021,2.55
El Salvador,SLV,2022,2.45
El Salvador,SLV,2023,2.32
El Salvador,SLV,2024,2.2
El Salvador,SLV,2025,2.09
El Salvador,SLV,2026,1.97
El Salvador,SLV,2027,1.86
El Salvador,SLV,2028,1.75
El Salvador,SLV,2029,1.65
El Salvador,SLV,2030,1.56
Equatorial Guinea,GNQ,2015,0.11
Equatorial Guinea,GNQ,2016,0.12
Equatorial Guinea,GNQ,2017,0.12
Equatorial Guinea,GNQ,2018,0.12
Equatorial Guinea,GNQ,2019,0.13
Equatorial Guinea,GNQ,2020,0.13
Equatorial Guinea,GNQ,2021,0.13
Equatorial Guinea,GNQ,2022,0.13
Equatorial Guinea,GNQ,2023,0.12
Equatorial Guinea,GNQ,2024,0.12
Equatorial Guinea,GNQ,2025,0.12
Equatorial Guinea,GNQ,2026,0.12
Equatorial Guinea,GNQ,2027,0.12
Equatorial Guinea,GNQ,2028,0.11
Equatorial Guinea,GNQ,2029,0.11
Equatorial Guinea,GNQ,2030,0.11
Eritrea,ERI,2015,46.77
Eritrea,ERI,2016,44.86
Eritrea,ERI,2017,43.36
Eritrea,ERI,2018,41.66
Eritrea,ERI,2019,40.03
Eritrea,ERI,2020,38.31
Eritrea,ERI,2021,36.54
Eritrea,ERI,2022,34.8
Eritrea,ERI,2023,32.21
Eritrea,ERI,2024,29.83
Eritrea,ERI,2025,27.63
Eritrea,ERI,2026,25.67
Eritrea,ERI,2027,23.85
Eritrea,ERI,2028,22.17
Eritrea,ERI,2029,20.62
Eritrea,ERI,2030,19.19
Estonia,EST,2015,0.64
Estonia,EST,2016,0.64
Estonia,EST,2017,0.62
Estonia,EST,2018,0.61
Estonia,EST,2019,0.6
Estonia,EST,2020,0.58
Estonia,EST,2021,0.57
Estonia,EST,2022,0.56
Estonia,EST,2023,0.55
Estonia,EST,2024,0.55
Estonia,EST,2025,0.55
Estonia,EST,2026,0.54
Estonia,EST,2027,0.54
Estonia,EST,2028,0.53
Estonia,EST,2029,0.53
Estonia,EST,2030,0.52
Eswatini,SWZ,2015,42.11
Eswatini,SWZ,2016,42.53
Eswatini,SWZ,2017,42.64
Eswatini,SWZ,2018,42.7
Eswatini,SWZ,2019,42.68
Eswatini,SWZ,2020,42.58
Eswatini,SWZ,2021,42.51
Eswatini,SWZ,2022,42.43
Eswatini,SWZ,2023,38.75
Eswatini,SWZ,2024,35.25
Eswatini,SWZ,2025,31.93
Eswatini,SWZ,2026,28.19
Eswatini,SWZ,2027,24.7
Eswatini,SWZ,2028,21.46
Eswatini,SWZ,2029,18.45
Eswatini,SWZ,2030,15.65
Ethiopia,ETH,2015,27.26
Ethiopia,ETH,2016,23.93
Ethiopia,ETH,2017,21.05
Ethiopia,ETH,2018,18.35
Ethiopia,ETH,2019,15.85
Ethiopia,ETH,2020,13.61
Ethiopia,ETH,2021,11.64
Ethiopia,ETH,2022,9.86
Ethiopia,ETH,2023,8.22
Ethiopia,ETH,2024,6.82
Ethiopia,ETH,2025,5.64
Ethiopia,ETH,2026,4.65
Ethiopia,ETH,2027,3.83
Ethiopia,ETH,2028,3.16
Ethiopia,ETH,2029,2.62
Ethiopia,ETH,2030,2.18
Europe,,2015,0.38
Europe,,2016,0.37
Europe,,2017,0.36
Europe,,2018,0.35
Europe,,2019,0.34
Europe,,2020,0.33
Europe,,2021,0.32
Europe,,2022,0.32
Europe,,2023,0.31
Europe,,2024,0.31
Europe,,2025,0.31
Europe,,2026,0.31
Europe,,2027,0.3
Europe,,2028,0.3
Europe,,2029,0.3
Europe,,2030,0.3
Extreme fragility,,2015,38.71
Extreme fragility,,2016,38.66
Extreme fragility,,2017,37.85
Extreme fragility,,2018,36.65
Extreme fragility,,2019,35.63
Extreme fragility,,2020,34.59
Extreme fragility,,2021,33.61
Extreme fragility,,2022,32.63
Extreme fragility,,2023,31.44
Extreme fragility,,2024,30.34
Extreme fragility,,2025,29.31
Extreme fragility,,2026,28.3
Extreme fragility,,2027,27.36
Extreme fragility,,2028,26.48
Extreme fragility,,2029,25.66
Extreme fragility,,2030,24.89
Fiji,FJI,2015,1.82
Fiji,FJI,2016,1.7
Fiji,FJI,2017,1.45
Fiji,FJI,2018,1.24
Fiji,FJI,2019,1.06
Fiji,FJI,2020,0.91
Fiji,FJI,2021,0.78
Fiji,FJI,2022,0.68
Fiji,FJI,2023,0.57
Fiji,FJI,2024,0.49
Fiji,FJI,2025,0.42
Fiji,FJI,2026,0.37
Fiji,FJI,2027,0.32
Fiji,FJI,2028,0.28
Fiji,FJI,2029,0.24
Fiji,FJI,2030,0.22
Finland,FIN,2015,0.08
Finland,FIN,2016,0.08
Finland,FIN,2017,0.08
Finland,FIN,2018,0.08
Finland,FIN,2019,0.07
Finland,FIN,2020,0.07
Finland,FIN,2021,0.07
Finland,FIN,2022,0.07
Finland,FIN,2023,0.07
Finland,FIN,2024,0.07
Finland,FIN,2025,0.07
Finland,FIN,2026,0.07
Finland,FIN,2027,0.07
Finland,FIN,2028,0.07
Finland,FIN,2029,0.07
Finland,FIN,2030,0.07
Fragile,,2015,22.7
Fragile,,2016,22.46
Fragile,,2017,21.89
Fragile,,2018,21.27
Fragile,,2019,20.69
Fragile,,2020,20.15
Fragile,,2021,19.68
Fragile,,2022,19.15
Fragile,,2023,18.46
Fragile,,2024,17.81
Fragile,,2025,17.21
Fragile,,2026,16.6
Fragile,,2027,16.02
Fragile,,2028,15.48
Fragile,,2029,14.96
Fragile,,2030,14.47
Fragile (inc. extreme fragility),,2015,26.44
Fragile (inc. extreme fragility),,2016,26.26
Fragile (inc. extreme fragility),,2017,25.65
Fragile (inc. extreme fragility),,2018,24.91
Fragile (inc. extreme fragility),,2019,24.24
Fragile (inc. extreme fragility),,2020,23.6
Fragile (inc. extreme fragility),,2021,23.02
Fragile (inc. extreme fragility),,2022,22.4
Fragile (inc. extreme fragility),,2023,21.6
Fragile (inc. extreme fragility),,2024,20.86
Fragile (inc. extreme fragility),,2025,20.16
Fragile (inc. extreme fragility),,2026,19.47
Fragile (inc. extreme fragility),,2027,18.81
Fragile (inc. extreme fragility),,2028,18.2
Fragile (inc. extreme fragility),,2029,17.61
Fragile (inc. extreme fragility),,2030,17.06
France,FRA,2015,0.2
France,FRA,2016,0.2
France,FRA,2017,0.2
France,FRA,2018,0.2
France,FRA,2019,0.2
France,FRA,2020,0.19
France,FRA,2021,0.19
France,FRA,2022,0.19
France,FRA,2023,0.19
France,FRA,2024,0.19
France,FRA,2025,0.19
France,FRA,2026,0.19
France,FRA,2027,0.19
France,FRA,2028,0.19
France,FRA,2029,0.19
France,FRA,2030,0.19
Gabon,GAB,2015,2.22
Gabon,GAB,2016,2.21
Gabon,GAB,2017,2.33
Gabon,GAB,2018,2.27
Gabon,GAB,2019,2.08
Gabon,GAB,2020,1.85
Gabon,GAB,2021,1.64
Gabon,GAB,2022,1.43
Gabon,GAB,2023,1.24
Gabon,GAB,2024,1.07
Gabon,GAB,2025,0.93
Gabon,GAB,2026,0.78
Gabon,GAB,2027,0.66
Gabon,GAB,2028,0.56
Gabon,GAB,2029,0.47
Gabon,GAB,2030,0.4
Gambia,GMB,2015,40.49
Gambia,GMB,2016,40.88
Gambia,GMB,2017,41.04
Gambia,GMB,2018,40.94
Gambia,GMB,2019,40.79
Gambia,GMB,2020,40.59
Gambia,GMB,2021,40.29
Gambia,GMB,2022,39.95
Gambia,GMB,2023,39.16
Gambia,GMB,2024,38.4
Gambia,GMB,2025,37.66
Gambia,GMB,2026,36.78
Gambia,GMB,2027,35.92
Gambia,GMB,2028,35.09
Gambia,GMB,2029,34.3
Gambia,GMB,2030,33.53
Georgia,GEO,2015,9.79
Georgia,GEO,2016,9.09
Georgia,GEO,2017,8.32
Georgia,GEO,2018,7.55
Georgia,GEO,2019,6.74
Georgia,GEO,2020,5.9
Georgia,GEO,2021,5.04
Georgia,GEO,2022,4.25
Georgia,GEO,2023,3.65
Georgia,GEO,2024,3.13
Georgia,GEO,2025,2.67
Georgia,GEO,2026,2.34
Georgia,GEO,2027,2.05
Georgia,GEO,2028,1.79
Georgia,GEO,2029,1.56
Georgia,GEO,2030,1.36
Germany,DEU,2015,0.13
Germany,DEU,2016,0.13
Germany,DEU,2017,0.13
Germany,DEU,2018,0.12
Germany,DEU,2019,0.12
Germany,DEU,2020,0.12
Germany,DEU,2021,0.12
Germany,DEU,2022,0.12
Germany,DEU,2023,0.12
Germany,DEU,2024,0.12
Germany,DEU,2025,0.12
Germany,DEU,2026,0.12
Germany,DEU,2027,0.12
Germany,DEU,2028,0.12
Germany,DEU,2029,0.12
Germany,DEU,2030,0.12
Ghana,GHA,2015,21.82
Ghana,GHA,2016,21.21
Ghana,GHA,2017,20.02
Ghana,GHA,2018,17.82
Ghana,GHA,2019,16.67
Ghana,GHA,2020,15.78
Ghana,GHA,2021,14.89
Ghana,GHA,2022,13.97
Ghana,GHA,2023,12.99
Ghana,GHA,2024,12.06
Ghana,GHA,2025,11.17
Ghana,GHA,2026,10.29
Ghana,GHA,2027,9.46
Ghana,GHA,2028,8.67
Ghana,GHA,2029,7.93
Ghana,GHA,2030,7.23
Greece,GRC,2015,1.63
Greece,GRC,2016,1.62
Greece,GRC,2017,1.59
Greece,GRC,2018,1.56
Greece,GRC,2019,1.53
Greece,GRC,2020,1.51
Greece,GRC,2021,1.48
Greece,GRC,2022,1.47
Greece,GRC,2023,1.49
Greece,GRC,2024,1.51
Greece,GRC,2025,1.53
Greece,GRC,2026,1.56
Greece,GRC,2027,1.58
Greece,GRC,2028,1.61
Greece,GRC,2029,1.63
Greece,GRC,2030,1.66
Grenada,GRD,2015,4.34
Grenada,GRD,2016,4.09
Grenada,GRD,2017,3.87
Grenada,GRD,2018,3.66
Grenada,GRD,2019,3.47
Grenada,GRD,2020,3.28
Grenada,GRD,2021,3.1
Grenada,GRD,2022,2.94
Grenada,GRD,2023,2.39
Grenada,GRD,2024,1.96
Grenada,GRD,2025,1.62
Grenada,GRD,2026,1.28
Grenada,GRD,2027,1.02
Grenada,GRD,2028,0.81
Grenada,GRD,2029,0.66
Grenada,GRD,2030,0.54
Guatemala,GTM,2015,9.24
Guatemala,GTM,2016,9.03
Guatemala,GTM,2017,8.78
Guatemala,GTM,2018,8.48
Guatemala,GTM,2019,8.12
Guatemala,GTM,2020,7.75
Guatemala,GTM,2021,7.37
Guatemala,GTM,2022,7
Guatemala,GTM,2023,6.66
Guatemala,GTM,2024,6.34
Guatemala,GTM,2025,6.02
Guatemala,GTM,2026,5.69
Guatemala,GTM,2027,5.38
Guatemala,GTM,2028,5.08
Guatemala,GTM,2029,4.79
Guatemala,GTM,2030,4.52
Guinea,GIN,2015,39.43
Guinea,GIN,2016,37.89
Guinea,GIN,2017,36.88
Guinea,GIN,2018,35.46
Guinea,GIN,2019,33.54
Guinea,GIN,2020,32.28
Guinea,GIN,2021,31.06
Guinea,GIN,2022,30.13
Guinea,GIN,2023,28.12
Guinea,GIN,2024,26.21
Guinea,GIN,2025,24.38
Guinea,GIN,2026,22.63
Guinea,GIN,2027,20.97
Guinea,GIN,2028,19.39
Guinea,GIN,2029,17.91
Guinea,GIN,2030,16.5
Guinea-Bissau,GNB,2015,65.72
Guinea-Bissau,GNB,2016,64.3
Guinea-Bissau,GNB,2017,62.95
Guinea-Bissau,GNB,2018,61.58
Guinea-Bissau,GNB,2019,60.19
Guinea-Bissau,GNB,2020,58.77
Guinea-Bissau,GNB,2021,57.34
Guinea-Bissau,GNB,2022,55.89
Guinea-Bissau,GNB,2023,54.33
Guinea-Bissau,GNB,2024,52.8
Guinea-Bissau,GNB,2025,51.31
Guinea-Bissau,GNB,2026,49.6
Guinea-Bissau,GNB,2027,47.95
Guinea-Bissau,GNB,2028,46.33
Guinea-Bissau,GNB,2029,44.75
Guinea-Bissau,GNB,2030,43.2
Guyana,GUY,2015,6.24
Guyana,GUY,2016,5.97
Guyana,GUY,2017,5.7
Guyana,GUY,2018,5.45
Guyana,GUY,2019,5.21
Guyana,GUY,2020,3.43
Guyana,GUY,2021,2.65
Guyana,GUY,2022,2.6
Guyana,GUY,2023,2.47
Guyana,GUY,2024,2.36
Guyana,GUY,2025,2.25
Guyana,GUY,2026,2.16
Guyana,GUY,2027,2.07
Guyana,GUY,2028,1.98
Guyana,GUY,2029,1.91
Guyana,GUY,2030,1.84
Haiti,HTI,2015,50.38
Haiti,HTI,2016,50.33
Haiti,HTI,2017,50.42
Haiti,HTI,2018,49.86
Haiti,HTI,2019,49.29
Haiti,HTI,2020,48.72
Haiti,HTI,2021,48.14
Haiti,HTI,2022,47.56
Haiti,HTI,2023,46.76
Haiti,HTI,2024,45.99
Haiti,HTI,2025,45.24
Haiti,HTI,2026,44.41
Haiti,HTI,2027,43.59
Haiti,HTI,2028,42.81
Haiti,HTI,2029,42.04
Haiti,HTI,2030,41.29
Honduras,HND,2015,16.06
Honduras,HND,2016,15.6
Honduras,HND,2017,15.17
Honduras,HND,2018,14.72
Honduras,HND,2019,14.24
Honduras,HND,2020,13.77
Honduras,HND,2021,13.3
Honduras,HND,2022,12.85
Honduras,HND,2023,12.39
Honduras,HND,2024,11.94
Honduras,HND,2025,11.52
Honduras,HND,2026,11.05
Honduras,HND,2027,10.6
Honduras,HND,2028,10.16
Honduras,HND,2029,9.74
Honduras,HND,2030,9.34
Hong Kong,HKG,2015,0.24
Hong Kong,HKG,2016,0.24
Hong Kong,HKG,2017,0.24
Hong Kong,HKG,2018,0.24
Hong Kong,HKG,2019,0.24
Hong Kong,HKG,2020,0.24
Hong Kong,HKG,2021,0.24
Hong Kong,HKG,2022,0.23
Hong Kong,HKG,2023,0.23
Hong Kong,HKG,2024,0.23
Hong Kong,HKG,2025,0.23
Hong Kong,HKG,2026,0.23
Hong Kong,HKG,2027,0.23
Hong Kong,HKG,2028,0.23
Hong Kong,HKG,2029,0.23
Hong Kong,HKG,2030,0.23
Hungary,HUN,2015,0.45
Hungary,HUN,2016,0.44
Hungary,HUN,2017,0.43
Hungary,HUN,2018,0.41
Hungary,HUN,2019,0.4
Hungary,HUN,2020,0.39
Hungary,HUN,2021,0.39
Hungary,HUN,2022,0.38
Hungary,HUN,2023,0.37
Hungary,HUN,2024,0.37
Hungary,HUN,2025,0.36
Hungary,HUN,2026,0.36
Hungary,HUN,2027,0.35
Hungary,HUN,2028,0.35
Hungary,HUN,2029,0.34
Hungary,HUN,2030,0.34
Iceland,ISL,2015,0.22
Iceland,ISL,2016,0.22
Iceland,ISL,2017,0.22
Iceland,ISL,2018,0.22
Iceland,ISL,2019,0.22
Iceland,ISL,2020,0.22
Iceland,ISL,2021,0.22
Iceland,ISL,2022,0.21
Iceland,ISL,2023,0.21
Iceland,ISL,2024,0.21
Iceland,ISL,2025,0.21
Iceland,ISL,2026,0.21
Iceland,ISL,2027,0.21
Iceland,ISL,2028,0.21
Iceland,ISL,2029,0.21
Iceland,ISL,2030,0.21
India,IND,2015,12.17
India,IND,2016,9.6
India,IND,2017,7.25
India,IND,2018,5.19
India,IND,2019,3.57
India,IND,2020,2.39
India,IND,2021,1.57
India,IND,2022,1.04
India,IND,2023,0.76
India,IND,2024,0.57
India,IND,2025,0.43
India,IND,2026,0.34
India,IND,2027,0.27
India,IND,2028,0.22
India,IND,2029,0.18
India,IND,2030,0.16
Indonesia,IDN,2015,9.14
Indonesia,IDN,2016,7.69
Indonesia,IDN,2017,6.27
Indonesia,IDN,2018,4.84
Indonesia,IDN,2019,3.42
Indonesia,IDN,2020,2.27
Indonesia,IDN,2021,1.21
Indonesia,IDN,2022,0.42
Indonesia,IDN,2023,0.26
Indonesia,IDN,2024,0.16
Indonesia,IDN,2025,0.1
Indonesia,IDN,2026,0.07
Indonesia,IDN,2027,0.05
Indonesia,IDN,2028,0.03
Indonesia,IDN,2029,0.02
Indonesia,IDN,2030,0.02
Iran,IRN,2015,0.02
Iran,IRN,2016,0.02
Iran,IRN,2017,0.02
Iran,IRN,2018,0.02
Iran,IRN,2019,0.01
Iran,IRN,2020,0.01
Iran,IRN,2021,0.01
Iran,IRN,2022,0.01
Iran,IRN,2023,0.01
Iran,IRN,2024,0.02
Iran,IRN,2025,0.02
Iran,IRN,2026,0.02
Iran,IRN,2027,0.02
Iran,IRN,2028,0.02
Iran,IRN,2029,0.01
Iran,IRN,2030,0.01
Iraq,IRQ,2015,1.34
Iraq,IRQ,2016,0.9
Iraq,IRQ,2017,1.3
Iraq,IRQ,2018,1.31
Iraq,IRQ,2019,1.45
Iraq,IRQ,2020,1.57
Iraq,IRQ,2021,1.67
Iraq,IRQ,2022,1.78
Iraq,IRQ,2023,1.59
Iraq,IRQ,2024,1.42
Iraq,IRQ,2025,1.26
Iraq,IRQ,2026,1.15
Iraq,IRQ,2027,1.04
Iraq,IRQ,2028,0.95
Iraq,IRQ,2029,0.86
Iraq,IRQ,2030,0.79
Ireland,IRL,2015,0.23
Ireland,IRL,2016,0.23
Ireland,IRL,2017,0.23
Ireland,IRL,2018,0.22
Ireland,IRL,2019,0.22
Ireland,IRL,2020,0.21
Ireland,IRL,2021,0.21
Ireland,IRL,2022,0.21
Ireland,IRL,2023,0.21
Ireland,IRL,2024,0.21
Ireland,IRL,2025,0.2
Ireland,IRL,2026,0.2
Ireland,IRL,2027,0.2
Ireland,IRL,2028,0.2
Ireland,IRL,2029,0.19
Ireland,IRL,2030,0.19
Israel,ISR,2015,0.38
Israel,ISR,2016,0.37
Israel,ISR,2017,0.36
Israel,ISR,2018,0.35
Israel,ISR,2019,0.35
Israel,ISR,2020,0.34
Israel,ISR,2021,0.33
Israel,ISR,2022,0.32
Israel,ISR,2023,0.32
Israel,ISR,2024,0.31
Israel,ISR,2025,0.31
Israel,ISR,2026,0.31
Israel,ISR,2027,0.3
Israel,ISR,2028,0.3
Israel,ISR,2029,0.29
Israel,ISR,2030,0.29
Italy,ITA,2015,1.06
Italy,ITA,2016,1.05
Italy,ITA,2017,1.05
Italy,ITA,2018,1.05
Italy,ITA,2019,1.05
Italy,ITA,2020,1.04
Italy,ITA,2021,1.04
Italy,ITA,2022,1.04
Italy,ITA,2023,1.04
Italy,ITA,2024,1.05
Italy,ITA,2025,1.05
Italy,ITA,2026,1.05
Italy,ITA,2027,1.06
Italy,ITA,2028,1.06
Italy,ITA,2029,1.06
Italy,ITA,2030,1.07
Jamaica,JAM,2015,1.08
Jamaica,JAM,2016,0.9
Jamaica,JAM,2017,0.68
Jamaica,JAM,2018,0.44
Jamaica,JAM,2019,0.23
Jamaica,JAM,2020,0.09
Jamaica,JAM,2021,0.03
Jamaica,JAM,2022,0.01
Jamaica,JAM,2023,0.01
Jamaica,JAM,2024,0
Jamaica,JAM,2025,0
Jamaica,JAM,2026,0
Jamaica,JAM,2027,0
Jamaica,JAM,2028,0
Jamaica,JAM,2029,0
Jamaica,JAM,2030,0
Japan,JPN,2015,0.52
Japan,JPN,2016,0.52
Japan,JPN,2017,0.51
Japan,JPN,2018,0.51
Japan,JPN,2019,0.51
Japan,JPN,2020,0.51
Japan,JPN,2021,0.51
Japan,JPN,2022,0.51
Japan,JPN,2023,0.5
Japan,JPN,2024,0.5
Japan,JPN,2025,0.49
Japan,JPN,2026,0.49
Japan,JPN,2027,0.49
Japan,JPN,2028,0.49
Japan,JPN,2029,0.49
Japan,JPN,2030,0.48
Jordan,JOR,2015,0.03
Jordan,JOR,2016,0.03
Jordan,JOR,2017,0.03
Jordan,JOR,2018,0.03
Jordan,JOR,2019,0.03
Jordan,JOR,2020,0.02
Jordan,JOR,2021,0.02
Jordan,JOR,2022,0.02
Jordan,JOR,2023,0.02
Jordan,JOR,2024,0.02
Jordan,JOR,2025,0.02
Jordan,JOR,2026,0.02
Jordan,JOR,2027,0.02
Jordan,JOR,2028,0.02
Jordan,JOR,2029,0.02
Jordan,JOR,2030,0.02
Kazakhstan,KAZ,2015,0.02
Kazakhstan,KAZ,2016,0.02
Kazakhstan,KAZ,2017,0.02
Kazakhstan,KAZ,2018,0.02
Kazakhstan,KAZ,2019,0.02
Kazakhstan,KAZ,2020,0.02
Kazakhstan,KAZ,2021,0.02
Kazakhstan,KAZ,2022,0.01
Kazakhstan,KAZ,2023,0.01
Kazakhstan,KAZ,2024,0.01
Kazakhstan,KAZ,2025,0.01
Kazakhstan,KAZ,2026,0.01
Kazakhstan,KAZ,2027,0.02
Kazakhstan,KAZ,2028,0.02
Kazakhstan,KAZ,2029,0.01
Kazakhstan,KAZ,2030,0.01
Kenya,KEN,2015,24.49
Kenya,KEN,2016,23.27
Kenya,KEN,2017,22.32
Kenya,KEN,2018,21.21
Kenya,KEN,2019,19.98
Kenya,KEN,2020,18.66
Kenya,KEN,2021,17.39
Kenya,KEN,2022,16.15
Kenya,KEN,2023,14.84
Kenya,KEN,2024,13.6
Kenya,KEN,2025,12.43
Kenya,KEN,2026,11.31
Kenya,KEN,2027,10.27
Kenya,KEN,2028,9.29
Kenya,KEN,2029,8.38
Kenya,KEN,2030,7.54
Kiribati,KIR,2015,15.58
Kiribati,KIR,2016,15.11
Kiribati,KIR,2017,14.78
Kiribati,KIR,2018,14.69
Kiribati,KIR,2019,14.75
Kiribati,KIR,2020,14.74
Kiribati,KIR,2021,14.69
Kiribati,KIR,2022,14.65
Kiribati,KIR,2023,14.31
Kiribati,KIR,2024,13.96
Kiribati,KIR,2025,13.6
Kiribati,KIR,2026,13.24
Kiribati,KIR,2027,12.87
Kiribati,KIR,2028,12.5
Kiribati,KIR,2029,12.13
Kiribati,KIR,2030,11.75
Kuwait,KWT,2015,0.02
Kuwait,KWT,2016,0.02
Kuwait,KWT,2017,0.02
Kuwait,KWT,2018,0.02
Kuwait,KWT,2019,0.02
Kuwait,KWT,2020,0.02
Kuwait,KWT,2021,0.02
Kuwait,KWT,2022,0.02
Kuwait,KWT,2023,0.02
Kuwait,KWT,2024,0.02
Kuwait,KWT,2025,0.02
Kuwait,KWT,2026,0.02
Kuwait,KWT,2027,0.02
Kuwait,KWT,2028,0.02
Kuwait,KWT,2029,0.01
Kuwait,KWT,2030,0.01
Kyrgyzstan,KGZ,2015,1.01
Kyrgyzstan,KGZ,2016,0.87
Kyrgyzstan,KGZ,2017,0.77
Kyrgyzstan,KGZ,2018,0.67
Kyrgyzstan,KGZ,2019,0.53
Kyrgyzstan,KGZ,2020,0.43
Kyrgyzstan,KGZ,2021,0.36
Kyrgyzstan,KGZ,2022,0.28
Kyrgyzstan,KGZ,2023,0.22
Kyrgyzstan,KGZ,2024,0.18
Kyrgyzstan,KGZ,2025,0.14
Kyrgyzstan,KGZ,2026,0.12
Kyrgyzstan,KGZ,2027,0.1
Kyrgyzstan,KGZ,2028,0.09
Kyrgyzstan,KGZ,2029,0.07
Kyrgyzstan,KGZ,2030,0.07
Laos,LAO,2015,22.53
Laos,LAO,2016,19.96
Laos,LAO,2017,17.57
Laos,LAO,2018,15.31
Laos,LAO,2019,13.06
Laos,LAO,2020,10.97
Laos,LAO,2021,8.99
Laos,LAO,2022,7.27
Laos,LAO,2023,5.92
Laos,LAO,2024,4.74
Laos,LAO,2025,3.71
Laos,LAO,2026,2.89
Laos,LAO,2027,2.22
Laos,LAO,2028,1.67
Laos,LAO,2029,1.25
Laos,LAO,2030,0.92
Latvia,LVA,2015,0.93
Latvia,LVA,2016,0.91
Latvia,LVA,2017,0.88
Latvia,LVA,2018,0.85
Latvia,LVA,2019,0.82
Latvia,LVA,2020,0.8
Latvia,LVA,2021,0.77
Latvia,LVA,2022,0.74
Latvia,LVA,2023,0.73
Latvia,LVA,2024,0.72
Latvia,LVA,2025,0.71
Latvia,LVA,2026,0.7
Latvia,LVA,2027,0.69
Latvia,LVA,2028,0.68
Latvia,LVA,2029,0.67
Latvia,LVA,2030,0.66
Lebanon,LBN,2015,4.08
Lebanon,LBN,2016,4.03
Lebanon,LBN,2017,3.86
Lebanon,LBN,2018,3.61
Lebanon,LBN,2019,3.32
Lebanon,LBN,2020,3.05
Lebanon,LBN,2021,2.79
Lebanon,LBN,2022,2.54
Lebanon,LBN,2023,2.48
Lebanon,LBN,2024,2.41
Lebanon,LBN,2025,2.35
Lebanon,LBN,2026,2.28
Lebanon,LBN,2027,2.21
Lebanon,LBN,2028,2.13
Lebanon,LBN,2029,2.06
Lebanon,LBN,2030,1.98
Lesotho,LSO,2015,53.47
Lesotho,LSO,2016,52.79
Lesotho,LSO,2017,52.32
Lesotho,LSO,2018,51.78
Lesotho,LSO,2019,50.84
Lesotho,LSO,2020,49.8
Lesotho,LSO,2021,48.64
Lesotho,LSO,2022,47.51
Lesotho,LSO,2023,46.38
Lesotho,LSO,2024,45.28
Lesotho,LSO,2025,44.21
Lesotho,LSO,2026,42.92
Lesotho,LSO,2027,41.66
Lesotho,LSO,2028,40.43
Lesotho,LSO,2029,39.24
Lesotho,LSO,2030,38.07
Liberia,LBR,2015,71.26
Liberia,LBR,2016,73.24
Liberia,LBR,2017,72.93
Liberia,LBR,2018,71.35
Liberia,LBR,2019,69.53
Liberia,LBR,2020,67.48
Liberia,LBR,2021,65.05
Liberia,LBR,2022,62.4
Liberia,LBR,2023,61.57
Liberia,LBR,2024,60.74
Liberia,LBR,2025,59.9
Liberia,LBR,2026,58.87
Liberia,LBR,2027,57.83
Liberia,LBR,2028,56.81
Liberia,LBR,2029,55.78
Liberia,LBR,2030,54.77
Libya,LBY,2015,14.85
Libya,LBY,2016,15.78
Libya,LBY,2017,7.91
Libya,LBY,2018,7.56
Libya,LBY,2019,7.24
Libya,LBY,2020,6.92
Libya,LBY,2021,6.59
Libya,LBY,2022,6.26
Libya,LBY,2023,6.79
Libya,LBY,2024,7.39
Libya,LBY,2025,8.05
Libya,LBY,2026,8.86
Libya,LBY,2027,9.78
Libya,LBY,2028,10.81
Libya,LBY,2029,11.97
Libya,LBY,2030,13.29
Lithuania,LTU,2015,0.73
Lithuania,LTU,2016,0.71
Lithuania,LTU,2017,0.69
Lithuania,LTU,2018,0.67
Lithuania,LTU,2019,0.65
Lithuania,LTU,2020,0.63
Lithuania,LTU,2021,0.61
Lithuania,LTU,2022,0.6
Lithuania,LTU,2023,0.58
Lithuania,LTU,2024,0.57
Lithuania,LTU,2025,0.56
Lithuania,LTU,2026,0.55
Lithuania,LTU,2027,0.55
Lithuania,LTU,2028,0.54
Lithuania,LTU,2029,0.53
Lithuania,LTU,2030,0.52
Luxembourg,LUX,2015,0.29
Luxembourg,LUX,2016,0.29
Luxembourg,LUX,2017,0.28
Luxembourg,LUX,2018,0.28
Luxembourg,LUX,2019,0.28
Luxembourg,LUX,2020,0.28
Luxembourg,LUX,2021,0.28
Luxembourg,LUX,2022,0.28
Luxembourg,LUX,2023,0.27
Luxembourg,LUX,2024,0.27
Luxembourg,LUX,2025,0.27
Luxembourg,LUX,2026,0.27
Luxembourg,LUX,2027,0.27
Luxembourg,LUX,2028,0.27
Luxembourg,LUX,2029,0.27
Luxembourg,LUX,2030,0.27
Macao,MAC,2015,0.26
Macao,MAC,2016,0.27
Macao,MAC,2017,0.26
Macao,MAC,2018,0.25
Macao,MAC,2019,0.24
Macao,MAC,2020,0.23
Macao,MAC,2021,0.22
Macao,MAC,2022,0.21
Macao,MAC,2023,0.2
Macao,MAC,2024,0.19
Macao,MAC,2025,0.19
Macao,MAC,2026,0.18
Macao,MAC,2027,0.18
Macao,MAC,2028,0.17
Macao,MAC,2029,0.17
Macao,MAC,2030,0.16
Madagascar,MDG,2015,78.83
Madagascar,MDG,2016,78.37
Madagascar,MDG,2017,77.75
Madagascar,MDG,2018,76.99
Madagascar,MDG,2019,76.13
Madagascar,MDG,2020,75.26
Madagascar,MDG,2021,74.35
Madagascar,MDG,2022,73.39
Madagascar,MDG,2023,72.17
Madagascar,MDG,2024,70.96
Madagascar,MDG,2025,69.76
Madagascar,MDG,2026,68.36
Madagascar,MDG,2027,66.98
Madagascar,MDG,2028,65.61
Madagascar,MDG,2029,64.26
Madagascar,MDG,2030,62.93
Malawi,MWI,2015,64.91
Malawi,MWI,2016,65.4
Malawi,MWI,2017,64.85
Malawi,MWI,2018,64.07
Malawi,MWI,2019,63.02
Malawi,MWI,2020,61.95
Malawi,MWI,2021,60.84
Malawi,MWI,2022,59.69
Malawi,MWI,2023,58.3
Malawi,MWI,2024,56.9
Malawi,MWI,2025,55.5
Malawi,MWI,2026,53.96
Malawi,MWI,2027,52.43
Malawi,MWI,2028,50.91
Malawi,MWI,2029,49.39
Malawi,MWI,2030,47.89
Malaysia,MYS,2015,1.74
Malaysia,MYS,2016,1.64
Malaysia,MYS,2017,1.53
Malaysia,MYS,2018,1.44
Malaysia,MYS,2019,1.34
Malaysia,MYS,2020,1.25
Malaysia,MYS,2021,1.17
Malaysia,MYS,2022,1.09
Malaysia,MYS,2023,1.02
Malaysia,MYS,2024,0.96
Malaysia,MYS,2025,0.9
Malaysia,MYS,2026,0.85
Malaysia,MYS,2027,0.79
Malaysia,MYS,2028,0.75
Malaysia,MYS,2029,0.7
Malaysia,MYS,2030,0.66
Maldives,MDV,2015,3.33
Maldives,MDV,2016,3.07
Maldives,MDV,2017,2.81
Maldives,MDV,2018,2.52
Maldives,MDV,2019,2.24
Maldives,MDV,2020,1.99
Maldives,MDV,2021,1.77
Maldives,MDV,2022,1.57
Maldives,MDV,2023,1.34
Maldives,MDV,2024,1.15
Maldives,MDV,2025,0.99
Maldives,MDV,2026,0.86
Maldives,MDV,2027,0.74
Maldives,MDV,2028,0.65
Maldives,MDV,2029,0.57
Maldives,MDV,2030,0.5
Mali,MLI,2015,31.55
Mali,MLI,2016,30.31
Mali,MLI,2017,29.18
Mali,MLI,2018,28.31
Mali,MLI,2019,27.47
Mali,MLI,2020,26.62
Mali,MLI,2021,25.77
Mali,MLI,2022,24.92
Mali,MLI,2023,23.78
Mali,MLI,2024,22.67
Mali,MLI,2025,21.59
Mali,MLI,2026,20.34
Mali,MLI,2027,19.14
Mali,MLI,2028,17.98
Mali,MLI,2029,16.85
Mali,MLI,2030,15.77
Malta,MLT,2015,0.06
Malta,MLT,2016,0.06
Malta,MLT,2017,0.06
Malta,MLT,2018,0.06
Malta,MLT,2019,0.06
Malta,MLT,2020,0.06
Malta,MLT,2021,0.06
Malta,MLT,2022,0.06
Malta,MLT,2023,0.05
Malta,MLT,2024,0.05
Malta,MLT,2025,0.05
Malta,MLT,2026,0.05
Malta,MLT,2027,0.05
Malta,MLT,2028,0.05
Malta,MLT,2029,0.05
Malta,MLT,2030,0.05
Mauritania,MRT,2015,5.94
Mauritania,MRT,2016,6.1
Mauritania,MRT,2017,5.79
Mauritania,MRT,2018,5.71
Mauritania,MRT,2019,5.27
Mauritania,MRT,2020,4.76
Mauritania,MRT,2021,4.39
Mauritania,MRT,2022,4.12
Mauritania,MRT,2023,3.82
Mauritania,MRT,2024,3.53
Mauritania,MRT,2025,3.27
Mauritania,MRT,2026,3.01
Mauritania,MRT,2027,2.77
Mauritania,MRT,2028,2.56
Mauritania,MRT,2029,2.35
Mauritania,MRT,2030,2.17
Mauritius,MUS,2015,0.28
Mauritius,MUS,2016,0.25
Mauritius,MUS,2017,0.23
Mauritius,MUS,2018,0.21
Mauritius,MUS,2019,0.19
Mauritius,MUS,2020,0.17
Mauritius,MUS,2021,0.16
Mauritius,MUS,2022,0.14
Mauritius,MUS,2023,0.14
Mauritius,MUS,2024,0.13
Mauritius,MUS,2025,0.12
Mauritius,MUS,2026,0.12
Mauritius,MUS,2027,0.11
Mauritius,MUS,2028,0.1
Mauritius,MUS,2029,0.1
Mauritius,MUS,2030,0.09
Mexico,MEX,2015,2.33
Mexico,MEX,2016,2.23
Mexico,MEX,2017,2.18
Mexico,MEX,2018,2.11
Mexico,MEX,2019,1.96
Mexico,MEX,2020,1.83
Mexico,MEX,2021,1.69
Mexico,MEX,2022,1.56
Mexico,MEX,2023,1.43
Mexico,MEX,2024,1.31
Mexico,MEX,2025,1.2
Mexico,MEX,2026,1.1
Mexico,MEX,2027,1.01
Mexico,MEX,2028,0.93
Mexico,MEX,2029,0.85
Mexico,MEX,2030,0.78
Micronesia (country),FSM,2015,29.12
Micronesia (country),FSM,2016,28.78
Micronesia (country),FSM,2017,28.46
Micronesia (country),FSM,2018,28.28
Micronesia (country),FSM,2019,28.21
Micronesia (country),FSM,2020,28.23
Micronesia (country),FSM,2021,28.26
Micronesia (country),FSM,2022,28.31
Micronesia (country),FSM,2023,28.01
Micronesia (country),FSM,2024,27.71
Micronesia (country),FSM,2025,27.4
Micronesia (country),FSM,2026,27.01
Micronesia (country),FSM,2027,26.62
Micronesia (country),FSM,2028,26.23
Micronesia (country),FSM,2029,25.86
Micronesia (country),FSM,2030,25.5
Moldova,MDA,2015,0.02
Moldova,MDA,2016,0.02
Moldova,MDA,2017,0.01
Moldova,MDA,2018,0.02
Moldova,MDA,2019,0.01
Moldova,MDA,2020,0.01
Moldova,MDA,2021,0.01
Moldova,MDA,2022,0.01
Moldova,MDA,2023,0
Moldova,MDA,2024,0
Moldova,MDA,2025,0
Moldova,MDA,2026,0
Moldova,MDA,2027,0
Moldova,MDA,2028,0
Moldova,MDA,2029,0
Moldova,MDA,2030,0
Mongolia,MNG,2015,0.23
Mongolia,MNG,2016,0.23
Mongolia,MNG,2017,0.25
Mongolia,MNG,2018,0.25
Mongolia,MNG,2019,0.2
Mongolia,MNG,2020,0.18
Mongolia,MNG,2021,0.15
Mongolia,MNG,2022,0.13
Mongolia,MNG,2023,0.11
Mongolia,MNG,2024,0.1
Mongolia,MNG,2025,0.09
Mongolia,MNG,2026,0.08
Mongolia,MNG,2027,0.07
Mongolia,MNG,2028,0.07
Mongolia,MNG,2029,0.06
Mongolia,MNG,2030,0.06
Montenegro,MNE,2015,0.02
Montenegro,MNE,2016,0.02
Montenegro,MNE,2017,0.02
Montenegro,MNE,2018,0.02
Montenegro,MNE,2019,0.02
Montenegro,MNE,2020,0.01
Montenegro,MNE,2021,0.01
Montenegro,MNE,2022,0.01
Montenegro,MNE,2023,0.01
Montenegro,MNE,2024,0.02
Montenegro,MNE,2025,0.02
Montenegro,MNE,2026,0.01
Montenegro,MNE,2027,0.01
Montenegro,MNE,2028,0.01
Montenegro,MNE,2029,0.01
Montenegro,MNE,2030,0.01
Morocco,MAR,2015,0.54
Morocco,MAR,2016,0.54
Morocco,MAR,2017,0.45
Morocco,MAR,2018,0.38
Morocco,MAR,2019,0.33
Morocco,MAR,2020,0.27
Morocco,MAR,2021,0.23
Morocco,MAR,2022,0.19
Morocco,MAR,2023,0.16
Morocco,MAR,2024,0.13
Morocco,MAR,2025,0.11
Morocco,MAR,2026,0.1
Morocco,MAR,2027,0.08
Morocco,MAR,2028,0.07
Morocco,MAR,2029,0.06
Morocco,MAR,2030,0.06
Mozambique,MOZ,2015,66.77
Mozambique,MOZ,2016,66.36
Mozambique,MOZ,2017,65.39
Mozambique,MOZ,2018,63.9
Mozambique,MOZ,2019,62.13
Mozambique,MOZ,2020,60.1
Mozambique,MOZ,2021,58.03
Mozambique,MOZ,2022,51.79
Mozambique,MOZ,2023,49.1
Mozambique,MOZ,2024,46.46
Mozambique,MOZ,2025,43.88
Mozambique,MOZ,2026,41.35
Mozambique,MOZ,2027,38.89
Mozambique,MOZ,2028,36.52
Mozambique,MOZ,2029,34.23
Mozambique,MOZ,2030,32.02
Myanmar,MMR,2015,14.43
Myanmar,MMR,2016,12.98
Myanmar,MMR,2017,11.47
Myanmar,MMR,2018,10.14
Myanmar,MMR,2019,8.99
Myanmar,MMR,2020,7.97
Myanmar,MMR,2021,7.07
Myanmar,MMR,2022,6.28
Myanmar,MMR,2023,5.58
Myanmar,MMR,2024,4.96
Myanmar,MMR,2025,4.42
Myanmar,MMR,2026,3.96
Myanmar,MMR,2027,3.56
Myanmar,MMR,2028,3.2
Myanmar,MMR,2029,2.88
Myanmar,MMR,2030,2.59
Namibia,NAM,2015,21.64
Namibia,NAM,2016,22.23
Namibia,NAM,2017,21.88
Namibia,NAM,2018,21.14
Namibia,NAM,2019,20.56
Namibia,NAM,2020,20.06
Namibia,NAM,2021,19.6
Namibia,NAM,2022,19.14
Namibia,NAM,2023,18.29
Namibia,NAM,2024,17.46
Namibia,NAM,2025,16.64
Namibia,NAM,2026,15.81
Namibia,NAM,2027,15
Namibia,NAM,2028,14.2
Namibia,NAM,2029,13.42
Namibia,NAM,2030,12.65
Nepal,NPL,2015,8.74
Nepal,NPL,2016,8.97
Nepal,NPL,2017,7.46
Nepal,NPL,2018,6.38
Nepal,NPL,2019,5.59
Nepal,NPL,2020,4.86
Nepal,NPL,2021,4.17
Nepal,NPL,2022,3.54
Nepal,NPL,2023,3.08
Nepal,NPL,2024,2.66
Nepal,NPL,2025,2.29
Nepal,NPL,2026,1.93
Nepal,NPL,2027,1.62
Nepal,NPL,2028,1.36
Nepal,NPL,2029,1.13
Nepal,NPL,2030,0.94
Netherlands,NLD,2015,0.32
Netherlands,NLD,2016,0.32
Netherlands,NLD,2017,0.32
Netherlands,NLD,2018,0.32
Netherlands,NLD,2019,0.32
Netherlands,NLD,2020,0.32
Netherlands,NLD,2021,0.32
Netherlands,NLD,2022,0.31
Netherlands,NLD,2023,0.31
Netherlands,NLD,2024,0.31
Netherlands,NLD,2025,0.31
Netherlands,NLD,2026,0.31
Netherlands,NLD,2027,0.31
Netherlands,NLD,2028,0.31
Netherlands,NLD,2029,0.31
Netherlands,NLD,2030,0.31
New Zealand,NZL,2015,0.01
New Zealand,NZL,2016,0.01
New Zealand,NZL,2017,0.01
New Zealand,NZL,2018,0.01
New Zealand,NZL,2019,0.01
New Zealand,NZL,2020,0.01
New Zealand,NZL,2021,0.01
New Zealand,NZL,2022,0.01
New Zealand,NZL,2023,0.01
New Zealand,NZL,2024,0.01
New Zealand,NZL,2025,0.01
New Zealand,NZL,2026,0.01
New Zealand,NZL,2027,0.02
New Zealand,NZL,2028,0.02
New Zealand,NZL,2029,0.02
New Zealand,NZL,2030,0.02
Nicaragua,NIC,2015,8.14
Nicaragua,NIC,2016,7.51
Nicaragua,NIC,2017,6.96
Nicaragua,NIC,2018,6.46
Nicaragua,NIC,2019,5.97
Nicaragua,NIC,2020,5.48
Nicaragua,NIC,2021,5.04
Nicaragua,NIC,2022,4.62
Nicaragua,NIC,2023,4.16
Nicaragua,NIC,2024,3.73
Nicaragua,NIC,2025,3.34
Nicaragua,NIC,2026,2.97
Nicaragua,NIC,2027,2.63
Nicaragua,NIC,2028,2.33
Nicaragua,NIC,2029,2.07
Nicaragua,NIC,2030,1.83
Niger,NER,2015,43.37
Niger,NER,2016,43.18
Niger,NER,2017,42.6
Niger,NER,2018,41.81
Niger,NER,2019,41.06
Niger,NER,2020,39.01
Niger,NER,2021,37.71
Niger,NER,2022,36.22
Niger,NER,2023,34.21
Niger,NER,2024,32.27
Niger,NER,2025,30.37
Niger,NER,2026,28.39
Niger,NER,2027,26.47
Niger,NER,2028,24.61
Niger,NER,2029,22.83
Niger,NER,2030,21.11
Nigeria,NGA,2015,38.75
Nigeria,NGA,2016,41.35
Nigeria,NGA,2017,42.43
Nigeria,NGA,2018,42.82
Nigeria,NGA,2019,43.21
Nigeria,NGA,2020,43.63
Nigeria,NGA,2021,44.03
Nigeria,NGA,2022,44.42
Nigeria,NGA,2023,43.54
Nigeria,NGA,2024,42.67
Nigeria,NGA,2025,41.8
Nigeria,NGA,2026,40.97
Nigeria,NGA,2027,40.14
Nigeria,NGA,2028,39.32
Nigeria,NGA,2029,38.51
Nigeria,NGA,2030,37.71
Non-fragile,,2015,4.9
Non-fragile,,2016,4.15
Non-fragile,,2017,3.44
Non-fragile,,2018,2.8
Non-fragile,,2019,2.26
Non-fragile,,2020,1.85
Non-fragile,,2021,1.53
Non-fragile,,2022,1.3
Non-fragile,,2023,1.17
Non-fragile,,2024,1.08
Non-fragile,,2025,1.01
Non-fragile,,2026,0.95
Non-fragile,,2027,0.9
Non-fragile,,2028,0.86
Non-fragile,,2029,0.82
Non-fragile,,2030,0.79
North America,,2015,2.55
North America,,2016,2.5
North America,,2017,2.46
North America,,2018,2.41
North America,,2019,2.34
North America,,2020,2.27
North America,,2021,2.21
North America,,2022,2.14
North America,,2023,2.07
North America,,2024,2.01
North America,,2025,1.95
North America,,2026,1.89
North America,,2027,1.83
North America,,2028,1.77
North America,,2029,1.72
North America,,2030,1.67
North Korea,PRK,2015,43.65
North Korea,PRK,2016,42.76
North Korea,PRK,2017,41.88
North Korea,PRK,2018,41.02
North Korea,PRK,2019,40.18
North Korea,PRK,2020,39.35
North Korea,PRK,2021,38.54
North Korea,PRK,2022,37.75
North Korea,PRK,2023,36.84
North Korea,PRK,2024,35.98
North Korea,PRK,2025,35.15
North Korea,PRK,2026,34.19
North Korea,PRK,2027,33.27
North Korea,PRK,2028,32.39
North Korea,PRK,2029,31.56
North Korea,PRK,2030,30.77
North Macedonia,MKD,2015,0.97
North Macedonia,MKD,2016,0.83
North Macedonia,MKD,2017,0.67
North Macedonia,MKD,2018,0.53
North Macedonia,MKD,2019,0.4
North Macedonia,MKD,2020,0.3
North Macedonia,MKD,2021,0.23
North Macedonia,MKD,2022,0.18
North Macedonia,MKD,2023,0.14
North Macedonia,MKD,2024,0.11
North Macedonia,MKD,2025,0.09
North Macedonia,MKD,2026,0.07
North Macedonia,MKD,2027,0.06
North Macedonia,MKD,2028,0.05
North Macedonia,MKD,2029,0.04
North Macedonia,MKD,2030,0.03
Norway,NOR,2015,0.26
Norway,NOR,2016,0.27
Norway,NOR,2017,0.27
Norway,NOR,2018,0.27
Norway,NOR,2019,0.27
Norway,NOR,2020,0.26
Norway,NOR,2021,0.26
Norway,NOR,2022,0.26
Norway,NOR,2023,0.26
Norway,NOR,2024,0.26
Norway,NOR,2025,0.26
Norway,NOR,2026,0.26
Norway,NOR,2027,0.26
Norway,NOR,2028,0.26
Norway,NOR,2029,0.26
Norway,NOR,2030,0.26
Oceania,,2015,7.57
Oceania,,2016,7.56
Oceania,,2017,7.5
Oceania,,2018,7.43
Oceania,,2019,7.35
Oceania,,2020,7.26
Oceania,,2021,7.18
Oceania,,2022,7.08
Oceania,,2023,6.91
Oceania,,2024,6.74
Oceania,,2025,6.57
Oceania,,2026,6.41
Oceania,,2027,6.26
Oceania,,2028,6.11
Oceania,,2029,5.96
Oceania,,2030,5.82
Oman,OMN,2015,0.19
Oman,OMN,2016,0.18
Oman,OMN,2017,0.17
Oman,OMN,2018,0.16
Oman,OMN,2019,0.15
Oman,OMN,2020,0.14
Oman,OMN,2021,0.13
Oman,OMN,2022,0.12
Oman,OMN,2023,0.12
Oman,OMN,2024,0.11
Oman,OMN,2025,0.11
Oman,OMN,2026,0.11
Oman,OMN,2027,0.1
Oman,OMN,2028,0.1
Oman,OMN,2029,0.09
Oman,OMN,2030,0.09
Pakistan,PAK,2015,4.65
Pakistan,PAK,2016,3.95
Pakistan,PAK,2017,3.27
Pakistan,PAK,2018,2.65
Pakistan,PAK,2019,2.02
Pakistan,PAK,2020,1.55
Pakistan,PAK,2021,1.18
Pakistan,PAK,2022,0.89
Pakistan,PAK,2023,0.71
Pakistan,PAK,2024,0.57
Pakistan,PAK,2025,0.46
Pakistan,PAK,2026,0.37
Pakistan,PAK,2027,0.29
Pakistan,PAK,2028,0.23
Pakistan,PAK,2029,0.19
Pakistan,PAK,2030,0.16
Palestine,PSE,2015,0.07
Palestine,PSE,2016,0.07
Palestine,PSE,2017,0.06
Palestine,PSE,2018,0.07
Palestine,PSE,2019,0.06
Palestine,PSE,2020,0.06
Palestine,PSE,2021,0.06
Palestine,PSE,2022,0.06
Palestine,PSE,2023,0.05
Palestine,PSE,2024,0.04
Palestine,PSE,2025,0.04
Palestine,PSE,2026,0.04
Palestine,PSE,2027,0.03
Palestine,PSE,2028,0.02
Palestine,PSE,2029,0.02
Palestine,PSE,2030,0.02
Panama,PAN,2015,2.77
Panama,PAN,2016,2.53
Panama,PAN,2017,2.26
Panama,PAN,2018,1.98
Panama,PAN,2019,1.72
Panama,PAN,2020,1.49
Panama,PAN,2021,1.28
Panama,PAN,2022,1.1
Panama,PAN,2023,0.97
Panama,PAN,2024,0.85
Panama,PAN,2025,0.75
Panama,PAN,2026,0.66
Panama,PAN,2027,0.58
Panama,PAN,2028,0.52
Panama,PAN,2029,0.46
Panama,PAN,2030,0.4
Papua New Guinea,PNG,2015,31.7
Papua New Guinea,PNG,2016,31.49
Papua New Guinea,PNG,2017,31.11
Papua New Guinea,PNG,2018,30.66
Papua New Guinea,PNG,2019,30.14
Papua New Guinea,PNG,2020,29.59
Papua New Guinea,PNG,2021,29.09
Papua New Guinea,PNG,2022,28.5
Papua New Guinea,PNG,2023,27.59
Papua New Guinea,PNG,2024,26.71
Papua New Guinea,PNG,2025,25.85
Papua New Guinea,PNG,2026,25.05
Papua New Guinea,PNG,2027,24.27
Papua New Guinea,PNG,2028,23.52
Papua New Guinea,PNG,2029,22.78
Papua New Guinea,PNG,2030,22.07
Paraguay,PRY,2015,2.14
Paraguay,PRY,2016,2.01
Paraguay,PRY,2017,1.94
Paraguay,PRY,2018,1.84
Paraguay,PRY,2019,1.75
Paraguay,PRY,2020,1.67
Paraguay,PRY,2021,1.58
Paraguay,PRY,2022,1.51
Paraguay,PRY,2023,1.4
Paraguay,PRY,2024,1.31
Paraguay,PRY,2025,1.22
Paraguay,PRY,2026,1.14
Paraguay,PRY,2027,1.06
Paraguay,PRY,2028,0.99
Paraguay,PRY,2029,0.93
Paraguay,PRY,2030,0.87
Peru,PER,2015,2.51
Peru,PER,2016,2.33
Peru,PER,2017,2.17
Peru,PER,2018,2.01
Peru,PER,2019,1.85
Peru,PER,2020,1.7
Peru,PER,2021,1.58
Peru,PER,2022,1.46
Peru,PER,2023,1.31
Peru,PER,2024,1.18
Peru,PER,2025,1.06
Peru,PER,2026,0.96
Peru,PER,2027,0.88
Peru,PER,2028,0.79
Peru,PER,2029,0.72
Peru,PER,2030,0.66
Philippines,PHL,2015,12.16
Philippines,PHL,2016,10.44
Philippines,PHL,2017,8.76
Philippines,PHL,2018,7.07
Philippines,PHL,2019,5.34
Philippines,PHL,2020,3.53
Philippines,PHL,2021,2.23
Philippines,PHL,2022,0.94
Philippines,PHL,2023,0
Philippines,PHL,2024,0
Philippines,PHL,2025,0
Philippines,PHL,2026,0
Philippines,PHL,2027,0
Philippines,PHL,2028,0
Philippines,PHL,2029,0
Philippines,PHL,2030,0
Poland,POL,2015,0.05
Poland,POL,2016,0.05
Poland,POL,2017,0.05
Poland,POL,2018,0.04
Poland,POL,2019,0.04
Poland,POL,2020,0.04
Poland,POL,2021,0.03
Poland,POL,2022,0.04
Poland,POL,2023,0.03
Poland,POL,2024,0.03
Poland,POL,2025,0.03
Poland,POL,2026,0.03
Poland,POL,2027,0.03
Poland,POL,2028,0.03
Poland,POL,2029,0.02
Poland,POL,2030,0.02
Portugal,PRT,2015,0.57
Portugal,PRT,2016,0.57
Portugal,PRT,2017,0.56
Portugal,PRT,2018,0.55
Portugal,PRT,2019,0.54
Portugal,PRT,2020,0.54
Portugal,PRT,2021,0.53
Portugal,PRT,2022,0.52
Portugal,PRT,2023,0.53
Portugal,PRT,2024,0.53
Portugal,PRT,2025,0.53
Portugal,PRT,2026,0.53
Portugal,PRT,2027,0.53
Portugal,PRT,2028,0.53
Portugal,PRT,2029,0.54
Portugal,PRT,2030,0.54
Puerto Rico,PRI,2015,0
Puerto Rico,PRI,2016,0
Puerto Rico,PRI,2017,0
Puerto Rico,PRI,2018,0
Puerto Rico,PRI,2019,0
Puerto Rico,PRI,2020,0
Puerto Rico,PRI,2021,0
Puerto Rico,PRI,2022,0
Puerto Rico,PRI,2023,0
Puerto Rico,PRI,2024,0
Puerto Rico,PRI,2025,0
Puerto Rico,PRI,2026,0
Puerto Rico,PRI,2027,0
Puerto Rico,PRI,2028,0
Puerto Rico,PRI,2029,0
Puerto Rico,PRI,2030,0
Qatar,QAT,2015,0
Qatar,QAT,2016,0
Qatar,QAT,2017,0
Qatar,QAT,2018,0
Qatar,QAT,2019,0
Qatar,QAT,2020,0
Qatar,QAT,2021,0
Qatar,QAT,2022,0
Qatar,QAT,2023,0
Qatar,QAT,2024,0
Qatar,QAT,2025,0
Qatar,QAT,2026,0
Qatar,QAT,2027,0
Qatar,QAT,2028,0
Qatar,QAT,2029,0
Qatar,QAT,2030,0
Romania,ROU,2015,0.2
Romania,ROU,2016,0.16
Romania,ROU,2017,0.14
Romania,ROU,2018,0.12
Romania,ROU,2019,0.11
Romania,ROU,2020,0.09
Romania,ROU,2021,0.08
Romania,ROU,2022,0.08
Romania,ROU,2023,0.07
Romania,ROU,2024,0.07
Romania,ROU,2025,0.06
Romania,ROU,2026,0.06
Romania,ROU,2027,0.05
Romania,ROU,2028,0.05
Romania,ROU,2029,0.04
Romania,ROU,2030,0.04
Russia,RUS,2015,0
Russia,RUS,2016,0
Russia,RUS,2017,0
Russia,RUS,2018,0
Russia,RUS,2019,0
Russia,RUS,2020,0
Russia,RUS,2021,0
Russia,RUS,2022,0
Russia,RUS,2023,0
Russia,RUS,2024,0
Russia,RUS,2025,0
Russia,RUS,2026,0
Russia,RUS,2027,0
Russia,RUS,2028,0
Russia,RUS,2029,0
Russia,RUS,2030,0
Rwanda,RWA,2015,52.33
Rwanda,RWA,2016,50.49
Rwanda,RWA,2017,48.6
Rwanda,RWA,2018,46.34
Rwanda,RWA,2019,43.79
Rwanda,RWA,2020,41.15
Rwanda,RWA,2021,38.48
Rwanda,RWA,2022,35.83
Rwanda,RWA,2023,33.78
Rwanda,RWA,2024,31.77
Rwanda,RWA,2025,29.8
Rwanda,RWA,2026,27.73
Rwanda,RWA,2027,25.72
Rwanda,RWA,2028,23.76
Rwanda,RWA,2029,21.85
Rwanda,RWA,2030,20
Saint Lucia,LCA,2015,34.42
Saint Lucia,LCA,2016,34.5
Saint Lucia,LCA,2017,34.74
Saint Lucia,LCA,2018,34.49
Saint Lucia,LCA,2019,34.24
Saint Lucia,LCA,2020,33.93
Saint Lucia,LCA,2021,33.64
Saint Lucia,LCA,2022,33.34
Saint Lucia,LCA,2023,33.26
Saint Lucia,LCA,2024,33.2
Saint Lucia,LCA,2025,33.13
Saint Lucia,LCA,2026,32.98
Saint Lucia,LCA,2027,32.83
Saint Lucia,LCA,2028,32.69
Saint Lucia,LCA,2029,32.56
Saint Lucia,LCA,2030,32.43
Saint Vincent and the Grenadines,VCT,2015,5.68
Saint Vincent and the Grenadines,VCT,2016,5.41
Saint Vincent and the Grenadines,VCT,2017,5.12
Saint Vincent and the Grenadines,VCT,2018,4.82
Saint Vincent and the Grenadines,VCT,2019,4.53
Saint Vincent and the Grenadines,VCT,2020,4.26
Saint Vincent and the Grenadines,VCT,2021,4
Saint Vincent and the Grenadines,VCT,2022,3.76
Saint Vincent and the Grenadines,VCT,2023,3.61
Saint Vincent and the Grenadines,VCT,2024,3.46
Saint Vincent and the Grenadines,VCT,2025,3.32
Saint Vincent and the Grenadines,VCT,2026,3.19
Saint Vincent and the Grenadines,VCT,2027,3.06
Saint Vincent and the Grenadines,VCT,2028,2.94
Saint Vincent and the Grenadines,VCT,2029,2.82
Saint Vincent and the Grenadines,VCT,2030,2.71
Samoa,WSM,2015,0.14
Samoa,WSM,2016,0.03
Samoa,WSM,2017,0.02
Samoa,WSM,2018,0.01
Samoa,WSM,2019,0.01
Samoa,WSM,2020,0.01
Samoa,WSM,2021,0
Samoa,WSM,2022,0
Samoa,WSM,2023,0
Samoa,WSM,2024,0
Samoa,WSM,2025,0
Samoa,WSM,2026,0
Samoa,WSM,2027,0
Samoa,WSM,2028,0
Samoa,WSM,2029,0
Samoa,WSM,2030,0
Sao Tome and Principe,STP,2015,26.57
Sao Tome and Principe,STP,2016,25.55
Sao Tome and Principe,STP,2017,24.02
Sao Tome and Principe,STP,2018,22.26
Sao Tome and Principe,STP,2019,20.54
Sao Tome and Principe,STP,2020,18.88
Sao Tome and Principe,STP,2021,17.28
Sao Tome and Principe,STP,2022,15.73
Sao Tome and Principe,STP,2023,14.22
Sao Tome and Principe,STP,2024,12.8
Sao Tome and Principe,STP,2025,11.46
Sao Tome and Principe,STP,2026,10.29
Sao Tome and Principe,STP,2027,9.18
Sao Tome and Principe,STP,2028,8.15
Sao Tome and Principe,STP,2029,7.2
Sao Tome and Principe,STP,2030,6.31
Saudi Arabia,SAU,2015,0.07
Saudi Arabia,SAU,2016,0.06
Saudi Arabia,SAU,2017,0.06
Saudi Arabia,SAU,2018,0.06
Saudi Arabia,SAU,2019,0.06
Saudi Arabia,SAU,2020,0.06
Saudi Arabia,SAU,2021,0.05
Saudi Arabia,SAU,2022,0.05
Saudi Arabia,SAU,2023,0.05
Saudi Arabia,SAU,2024,0.05
Saudi Arabia,SAU,2025,0.05
Saudi Arabia,SAU,2026,0.05
Saudi Arabia,SAU,2027,0.04
Saudi Arabia,SAU,2028,0.04
Saudi Arabia,SAU,2029,0.04
Saudi Arabia,SAU,2030,0.04
Senegal,SEN,2015,36.66
Senegal,SEN,2016,35.06
Senegal,SEN,2017,33.38
Senegal,SEN,2018,31.63
Senegal,SEN,2019,29.86
Senegal,SEN,2020,28.08
Senegal,SEN,2021,26.37
Senegal,SEN,2022,24.93
Senegal,SEN,2023,23.43
Senegal,SEN,2024,22
Senegal,SEN,2025,20.63
Senegal,SEN,2026,19.24
Senegal,SEN,2027,17.91
Senegal,SEN,2028,16.64
Senegal,SEN,2029,15.42
Senegal,SEN,2030,14.26
Serbia,SRB,2015,0.21
Serbia,SRB,2016,0.19
Serbia,SRB,2017,0.18
Serbia,SRB,2018,0.16
Serbia,SRB,2019,0.15
Serbia,SRB,2020,0.14
Serbia,SRB,2021,0.13
Serbia,SRB,2022,0.12
Serbia,SRB,2023,0.12
Serbia,SRB,2024,0.11
Serbia,SRB,2025,0.11
Serbia,SRB,2026,0.11
Serbia,SRB,2027,0.11
Serbia,SRB,2028,0.1
Serbia,SRB,2029,0.1
Serbia,SRB,2030,0.1
Seychelles,SYC,2015,0.99
Seychelles,SYC,2016,0.96
Seychelles,SYC,2017,0.93
Seychelles,SYC,2018,0.91
Seychelles,SYC,2019,0.9
Seychelles,SYC,2020,0.88
Seychelles,SYC,2021,0.86
Seychelles,SYC,2022,0.84
Seychelles,SYC,2023,0.82
Seychelles,SYC,2024,0.8
Seychelles,SYC,2025,0.79
Seychelles,SYC,2026,0.77
Seychelles,SYC,2027,0.75
Seychelles,SYC,2028,0.74
Seychelles,SYC,2029,0.73
Seychelles,SYC,2030,0.71
Sierra Leone,SLE,2015,40.81
Sierra Leone,SLE,2016,39.35
Sierra Leone,SLE,2017,37.8
Sierra Leone,SLE,2018,35.38
Sierra Leone,SLE,2019,33.15
Sierra Leone,SLE,2020,30.35
Sierra Leone,SLE,2021,27.61
Sierra Leone,SLE,2022,25.05
Sierra Leone,SLE,2023,24.31
Sierra Leone,SLE,2024,23.58
Sierra Leone,SLE,2025,22.86
Sierra Leone,SLE,2026,22.04
Sierra Leone,SLE,2027,21.23
Sierra Leone,SLE,2028,20.45
Sierra Leone,SLE,2029,19.68
Sierra Leone,SLE,2030,18.93
Singapore,SGP,2015,1.05
Singapore,SGP,2016,1.05
Singapore,SGP,2017,1.04
Singapore,SGP,2018,1.04
Singapore,SGP,2019,1.03
Singapore,SGP,2020,1.03
Singapore,SGP,2021,1.02
Singapore,SGP,2022,1.01
Singapore,SGP,2023,1.01
Singapore,SGP,2024,1
Singapore,SGP,2025,1
Singapore,SGP,2026,0.99
Singapore,SGP,2027,0.99
Singapore,SGP,2028,0.98
Singapore,SGP,2029,0.98
Singapore,SGP,2030,0.97
Slovakia,SVK,2015,0.5
Slovakia,SVK,2016,0.49
Slovakia,SVK,2017,0.49
Slovakia,SVK,2018,0.48
Slovakia,SVK,2019,0.47
Slovakia,SVK,2020,0.46
Slovakia,SVK,2021,0.46
Slovakia,SVK,2022,0.45
Slovakia,SVK,2023,0.45
Slovakia,SVK,2024,0.45
Slovakia,SVK,2025,0.45
Slovakia,SVK,2026,0.44
Slovakia,SVK,2027,0.44
Slovakia,SVK,2028,0.44
Slovakia,SVK,2029,0.44
Slovakia,SVK,2030,0.44
Slovenia,SVN,2015,0.16
Slovenia,SVN,2016,0.15
Slovenia,SVN,2017,0.15
Slovenia,SVN,2018,0.15
Slovenia,SVN,2019,0.15
Slovenia,SVN,2020,0.15
Slovenia,SVN,2021,0.15
Slovenia,SVN,2022,0.15
Slovenia,SVN,2023,0.15
Slovenia,SVN,2024,0.15
Slovenia,SVN,2025,0.15
Slovenia,SVN,2026,0.15
Slovenia,SVN,2027,0.15
Slovenia,SVN,2028,0.15
Slovenia,SVN,2029,0.15
Slovenia,SVN,2030,0.15
Solomon Islands,SLB,2015,34.94
Solomon Islands,SLB,2016,34.41
Solomon Islands,SLB,2017,33.84
Solomon Islands,SLB,2018,33.37
Solomon Islands,SLB,2019,32.88
Solomon Islands,SLB,2020,32.39
Solomon Islands,SLB,2021,31.82
Solomon Islands,SLB,2022,31.22
Solomon Islands,SLB,2023,30.61
Solomon Islands,SLB,2024,30.01
Solomon Islands,SLB,2025,29.42
Solomon Islands,SLB,2026,28.85
Solomon Islands,SLB,2027,28.3
Solomon Islands,SLB,2028,27.75
Solomon Islands,SLB,2029,27.22
Solomon Islands,SLB,2030,26.69
Somalia,SOM,2015,40.82
Somalia,SOM,2016,40.71
Somalia,SOM,2017,40.66
Somalia,SOM,2018,40.63
Somalia,SOM,2019,40.6
Somalia,SOM,2020,40.59
Somalia,SOM,2021,40.57
Somalia,SOM,2022,40.54
Somalia,SOM,2023,38.74
Somalia,SOM,2024,37
Somalia,SOM,2025,35.32
Somalia,SOM,2026,33.66
Somalia,SOM,2027,32.07
Somalia,SOM,2028,30.53
Somalia,SOM,2029,29.06
Somalia,SOM,2030,27.64
South Africa,ZAF,2015,24.7
South Africa,ZAF,2016,24.7
South Africa,ZAF,2017,24.6
South Africa,ZAF,2018,24.37
South Africa,ZAF,2019,24.03
South Africa,ZAF,2020,23.69
South Africa,ZAF,2021,23.35
South Africa,ZAF,2022,23.01
South Africa,ZAF,2023,22.73
South Africa,ZAF,2024,22.47
South Africa,ZAF,2025,22.21
South Africa,ZAF,2026,21.92
South Africa,ZAF,2027,21.65
South Africa,ZAF,2028,21.39
South Africa,ZAF,2029,21.13
South Africa,ZAF,2030,20.88
South America,,2015,3.82
South America,,2016,4.15
South America,,2017,4.24
South America,,2018,4.21
South America,,2019,4.14
South America,,2020,4.06
South America,,2021,3.98
South America,,2022,3.91
South America,,2023,3.87
South America,,2024,3.83
South America,,2025,3.8
South America,,2026,3.76
South America,,2027,3.74
South America,,2028,3.71
South America,,2029,3.69
South America,,2030,3.68
South Korea,KOR,2015,1.73
South Korea,KOR,2016,1.71
South Korea,KOR,2017,1.7
South Korea,KOR,2018,1.68
South Korea,KOR,2019,1.67
South Korea,KOR,2020,1.65
South Korea,KOR,2021,1.63
South Korea,KOR,2022,1.62
South Korea,KOR,2023,1.6
South Korea,KOR,2024,1.59
South Korea,KOR,2025,1.57
South Korea,KOR,2026,1.56
South Korea,KOR,2027,1.54
South Korea,KOR,2028,1.53
South Korea,KOR,2029,1.51
South Korea,KOR,2030,1.5
South Sudan,SSD,2015,70.27
South Sudan,SSD,2016,79.63
South Sudan,SSD,2017,82.58
South Sudan,SSD,2018,84.07
South Sudan,SSD,2019,83.4
South Sudan,SSD,2020,81.41
South Sudan,SSD,2021,81.14
South Sudan,SSD,2022,80.48
South Sudan,SSD,2023,80.38
South Sudan,SSD,2024,80.23
South Sudan,SSD,2025,80.06
South Sudan,SSD,2026,79.84
South Sudan,SSD,2027,79.61
South Sudan,SSD,2028,79.32
South Sudan,SSD,2029,79.01
South Sudan,SSD,2030,78.7
Spain,ESP,2015,1.19
Spain,ESP,2016,1.17
Spain,ESP,2017,1.15
Spain,ESP,2018,1.14
Spain,ESP,2019,1.13
Spain,ESP,2020,1.12
Spain,ESP,2021,1.12
Spain,ESP,2022,1.11
Spain,ESP,2023,1.11
Spain,ESP,2024,1.11
Spain,ESP,2025,1.11
Spain,ESP,2026,1.11
Spain,ESP,2027,1.11
Spain,ESP,2028,1.11
Spain,ESP,2029,1.11
Spain,ESP,2030,1.11
Sri Lanka,LKA,2015,0.71
Sri Lanka,LKA,2016,0.55
Sri Lanka,LKA,2017,0.42
Sri Lanka,LKA,2018,0.31
Sri Lanka,LKA,2019,0.24
Sri Lanka,LKA,2020,0.18
Sri Lanka,LKA,2021,0.13
Sri Lanka,LKA,2022,0.1
Sri Lanka,LKA,2023,0.08
Sri Lanka,LKA,2024,0.07
Sri Lanka,LKA,2025,0.06
Sri Lanka,LKA,2026,0.05
Sri Lanka,LKA,2027,0.04
Sri Lanka,LKA,2028,0.03
Sri Lanka,LKA,2029,0.03
Sri Lanka,LKA,2030,0.03
Sudan,SDN,2015,19.82
Sudan,SDN,2016,19.53
Sudan,SDN,2017,18.99
Sudan,SDN,2018,18.53
Sudan,SDN,2019,18.08
Sudan,SDN,2020,17.63
Sudan,SDN,2021,17.17
Sudan,SDN,2022,16.7
Sudan,SDN,2023,16.01
Sudan,SDN,2024,15.34
Sudan,SDN,2025,14.69
Sudan,SDN,2026,14.01
Sudan,SDN,2027,13.35
Sudan,SDN,2028,12.72
Sudan,SDN,2029,12.11
Sudan,SDN,2030,11.52
Suriname,SUR,2015,19.01
Suriname,SUR,2016,20.75
Suriname,SUR,2017,21.06
Suriname,SUR,2018,21.04
Suriname,SUR,2019,20.83
Suriname,SUR,2020,20.53
Suriname,SUR,2021,20.17
Suriname,SUR,2022,19.82
Suriname,SUR,2023,19.81
Suriname,SUR,2024,19.8
Suriname,SUR,2025,19.79
Suriname,SUR,2026,19.78
Suriname,SUR,2027,19.77
Suriname,SUR,2028,19.77
Suriname,SUR,2029,19.78
Suriname,SUR,2030,19.79
Sweden,SWE,2015,0.41
Sweden,SWE,2016,0.41
Sweden,SWE,2017,0.41
Sweden,SWE,2018,0.41
Sweden,SWE,2019,0.4
Sweden,SWE,2020,0.4
Sweden,SWE,2021,0.4
Sweden,SWE,2022,0.4
Sweden,SWE,2023,0.4
Sweden,SWE,2024,0.4
Sweden,SWE,2025,0.4
Sweden,SWE,2026,0.4
Sweden,SWE,2027,0.4
Sweden,SWE,2028,0.4
Sweden,SWE,2029,0.4
Sweden,SWE,2030,0.4
Switzerland,CHE,2015,0.07
Switzerland,CHE,2016,0.07
Switzerland,CHE,2017,0.07
Switzerland,CHE,2018,0.07
Switzerland,CHE,2019,0.07
Switzerland,CHE,2020,0.07
Switzerland,CHE,2021,0.07
Switzerland,CHE,2022,0.07
Switzerland,CHE,2023,0.07
Switzerland,CHE,2024,0.07
Switzerland,CHE,2025,0.07
Switzerland,CHE,2026,0.07
Switzerland,CHE,2027,0.07
Switzerland,CHE,2028,0.07
Switzerland,CHE,2029,0.07
Switzerland,CHE,2030,0.07
Taiwan,TWN,2015,0.01
Taiwan,TWN,2016,0.01
Taiwan,TWN,2017,0.01
Taiwan,TWN,2018,0.01
Taiwan,TWN,2019,0.01
Taiwan,TWN,2020,0.01
Taiwan,TWN,2021,0.01
Taiwan,TWN,2022,0.01
Taiwan,TWN,2023,0.01
Taiwan,TWN,2024,0.01
Taiwan,TWN,2025,0.01
Taiwan,TWN,2026,0.01
Taiwan,TWN,2027,0.01
Taiwan,TWN,2028,0.01
Taiwan,TWN,2029,0.01
Taiwan,TWN,2030,0.01
Tajikistan,TJK,2015,17.63
Tajikistan,TJK,2016,15.18
Tajikistan,TJK,2017,14
Tajikistan,TJK,2018,12.64
Tajikistan,TJK,2019,11.13
Tajikistan,TJK,2020,9.49
Tajikistan,TJK,2021,8.01
Tajikistan,TJK,2022,6.67
Tajikistan,TJK,2023,4.98
Tajikistan,TJK,2024,3.66
Tajikistan,TJK,2025,2.66
Tajikistan,TJK,2026,2.02
Tajikistan,TJK,2027,1.54
Tajikistan,TJK,2028,1.17
Tajikistan,TJK,2029,0.9
Tajikistan,TJK,2030,0.7
Tanzania,TZA,2015,41.39
Tanzania,TZA,2016,39.34
Tanzania,TZA,2017,37.16
Tanzania,TZA,2018,34.89
Tanzania,TZA,2019,32.76
Tanzania,TZA,2020,30.76
Tanzania,TZA,2021,28.79
Tanzania,TZA,2022,26.84
Tanzania,TZA,2023,24.96
Tanzania,TZA,2024,23.14
Tanzania,TZA,2025,21.39
Tanzania,TZA,2026,19.64
Tanzania,TZA,2027,17.97
Tanzania,TZA,2028,16.37
Tanzania,TZA,2029,14.84
Tanzania,TZA,2030,13.39
Thailand,THA,2015,0
Thailand,THA,2016,0
Thailand,THA,2017,0
Thailand,THA,2018,0
Thailand,THA,2019,0
Thailand,THA,2020,0
Thailand,THA,2021,0
Thailand,THA,2022,0
Thailand,THA,2023,0
Thailand,THA,2024,0
Thailand,THA,2025,0
Thailand,THA,2026,0
Thailand,THA,2027,0
Thailand,THA,2028,0
Thailand,THA,2029,0
Thailand,THA,2030,0
Timor,TLS,2015,15.89
Timor,TLS,2016,14.36
Timor,TLS,2017,13.36
Timor,TLS,2018,11.41
Timor,TLS,2019,9.58
Timor,TLS,2020,8.08
Timor,TLS,2021,6.72
Timor,TLS,2022,5.58
Timor,TLS,2023,4.33
Timor,TLS,2024,3.29
Timor,TLS,2025,2.45
Timor,TLS,2026,1.87
Timor,TLS,2027,1.41
Timor,TLS,2028,1.06
Timor,TLS,2029,0.8
Timor,TLS,2030,0.6
Togo,TGO,2015,35.55
Togo,TGO,2016,34.71
Togo,TGO,2017,33.88
Togo,TGO,2018,32.91
Togo,TGO,2019,31.96
Togo,TGO,2020,30.9
Togo,TGO,2021,29.86
Togo,TGO,2022,28.85
Togo,TGO,2023,26.82
Togo,TGO,2024,24.87
Togo,TGO,2025,23
Togo,TGO,2026,20.95
Togo,TGO,2027,19
Togo,TGO,2028,17.14
Togo,TGO,2029,15.37
Togo,TGO,2030,13.68
Tonga,TON,2015,0.44
Tonga,TON,2016,0.36
Tonga,TON,2017,0.29
Tonga,TON,2018,0.23
Tonga,TON,2019,0.21
Tonga,TON,2020,0.19
Tonga,TON,2021,0.18
Tonga,TON,2022,0.17
Tonga,TON,2023,0.14
Tonga,TON,2024,0.12
Tonga,TON,2025,0.1
Tonga,TON,2026,0.08
Tonga,TON,2027,0.07
Tonga,TON,2028,0.06
Tonga,TON,2029,0.06
Tonga,TON,2030,0.04
Trinidad and Tobago,TTO,2015,0.25
Trinidad and Tobago,TTO,2016,0.28
Trinidad and Tobago,TTO,2017,0.28
Trinidad and Tobago,TTO,2018,0.26
Trinidad and Tobago,TTO,2019,0.25
Trinidad and Tobago,TTO,2020,0.23
Trinidad and Tobago,TTO,2021,0.23
Trinidad and Tobago,TTO,2022,0.22
Trinidad and Tobago,TTO,2023,0.22
Trinidad and Tobago,TTO,2024,0.22
Trinidad and Tobago,TTO,2025,0.22
Trinidad and Tobago,TTO,2026,0.22
Trinidad and Tobago,TTO,2027,0.22
Trinidad and Tobago,TTO,2028,0.22
Trinidad and Tobago,TTO,2029,0.22
Trinidad and Tobago,TTO,2030,0.21
Tunisia,TUN,2015,0.68
Tunisia,TUN,2016,0.69
Tunisia,TUN,2017,0.64
Tunisia,TUN,2018,0.58
Tunisia,TUN,2019,0.51
Tunisia,TUN,2020,0.44
Tunisia,TUN,2021,0.37
Tunisia,TUN,2022,0.32
Tunisia,TUN,2023,0.29
Tunisia,TUN,2024,0.26
Tunisia,TUN,2025,0.24
Tunisia,TUN,2026,0.22
Tunisia,TUN,2027,0.2
Tunisia,TUN,2028,0.19
Tunisia,TUN,2029,0.17
Tunisia,TUN,2030,0.16
Turkey,TUR,2015,0.15
Turkey,TUR,2016,0.14
Turkey,TUR,2017,0.13
Turkey,TUR,2018,0.12
Turkey,TUR,2019,0.1
Turkey,TUR,2020,0.09
Turkey,TUR,2021,0.08
Turkey,TUR,2022,0.07
Turkey,TUR,2023,0.06
Turkey,TUR,2024,0.06
Turkey,TUR,2025,0.05
Turkey,TUR,2026,0.04
Turkey,TUR,2027,0.04
Turkey,TUR,2028,0.03
Turkey,TUR,2029,0.03
Turkey,TUR,2030,0.03
Turkmenistan,TKM,2015,0.04
Turkmenistan,TKM,2016,0.03
Turkmenistan,TKM,2017,0.03
Turkmenistan,TKM,2018,0.02
Turkmenistan,TKM,2019,0.02
Turkmenistan,TKM,2020,0.02
Turkmenistan,TKM,2021,0.02
Turkmenistan,TKM,2022,0.01
Turkmenistan,TKM,2023,0.02
Turkmenistan,TKM,2024,0.01
Turkmenistan,TKM,2025,0.01
Turkmenistan,TKM,2026,0.01
Turkmenistan,TKM,2027,0.01
Turkmenistan,TKM,2028,0.01
Turkmenistan,TKM,2029,0.01
Turkmenistan,TKM,2030,0.01
Uganda,UGA,2015,31.11
Uganda,UGA,2016,30.46
Uganda,UGA,2017,29.66
Uganda,UGA,2018,28.52
Uganda,UGA,2019,27.2
Uganda,UGA,2020,25.77
Uganda,UGA,2021,24.13
Uganda,UGA,2022,22.06
Uganda,UGA,2023,20.88
Uganda,UGA,2024,19.73
Uganda,UGA,2025,18.61
Uganda,UGA,2026,17.47
Uganda,UGA,2027,16.38
Uganda,UGA,2028,15.31
Uganda,UGA,2029,14.28
Uganda,UGA,2030,13.3
Ukraine,UKR,2015,0.05
Ukraine,UKR,2016,0.05
Ukraine,UKR,2017,0.05
Ukraine,UKR,2018,0.04
Ukraine,UKR,2019,0.04
Ukraine,UKR,2020,0.04
Ukraine,UKR,2021,0.03
Ukraine,UKR,2022,0.04
Ukraine,UKR,2023,0.04
Ukraine,UKR,2024,0.04
Ukraine,UKR,2025,0.04
Ukraine,UKR,2026,0.04
Ukraine,UKR,2027,0.04
Ukraine,UKR,2028,0.04
Ukraine,UKR,2029,0.04
Ukraine,UKR,2030,0.04
United Arab Emirates,ARE,2015,0.03
United Arab Emirates,ARE,2016,0.03
United Arab Emirates,ARE,2017,0.03
United Arab Emirates,ARE,2018,0.03
United Arab Emirates,ARE,2019,0.02
United Arab Emirates,ARE,2020,0.02
United Arab Emirates,ARE,2021,0.02
United Arab Emirates,ARE,2022,0.02
United Arab Emirates,ARE,2023,0.02
United Arab Emirates,ARE,2024,0.02
United Arab Emirates,ARE,2025,0.02
United Arab Emirates,ARE,2026,0.02
United Arab Emirates,ARE,2027,0.02
United Arab Emirates,ARE,2028,0.02
United Arab Emirates,ARE,2029,0.02
United Arab Emirates,ARE,2030,0.02
United Kingdom,GBR,2015,0.15
United Kingdom,GBR,2016,0.15
United Kingdom,GBR,2017,0.15
United Kingdom,GBR,2018,0.15
United Kingdom,GBR,2019,0.15
United Kingdom,GBR,2020,0.15
United Kingdom,GBR,2021,0.15
United Kingdom,GBR,2022,0.15
United Kingdom,GBR,2023,0.15
United Kingdom,GBR,2024,0.15
United Kingdom,GBR,2025,0.14
United Kingdom,GBR,2026,0.14
United Kingdom,GBR,2027,0.14
United Kingdom,GBR,2028,0.14
United Kingdom,GBR,2029,0.14
United Kingdom,GBR,2030,0.14
United States,USA,2015,0.55
United States,USA,2016,0.55
United States,USA,2017,0.55
United States,USA,2018,0.54
United States,USA,2019,0.54
United States,USA,2020,0.54
United States,USA,2021,0.53
United States,USA,2022,0.53
United States,USA,2023,0.53
United States,USA,2024,0.53
United States,USA,2025,0.52
United States,USA,2026,0.52
United States,USA,2027,0.52
United States,USA,2028,0.52
United States,USA,2029,0.52
United States,USA,2030,0.51
Uruguay,URY,2015,0.08
Uruguay,URY,2016,0.07
Uruguay,URY,2017,0.07
Uruguay,URY,2018,0.06
Uruguay,URY,2019,0.06
Uruguay,URY,2020,0.05
Uruguay,URY,2021,0.04
Uruguay,URY,2022,0.04
Uruguay,URY,2023,0.04
Uruguay,URY,2024,0.04
Uruguay,URY,2025,0.03
Uruguay,URY,2026,0.03
Uruguay,URY,2027,0.03
Uruguay,URY,2028,0.02
Uruguay,URY,2029,0.03
Uruguay,URY,2030,0.02
Uzbekistan,UZB,2015,17.21
Uzbekistan,UZB,2016,14.59
Uzbekistan,UZB,2017,12.8
Uzbekistan,UZB,2018,11.12
Uzbekistan,UZB,2019,9.57
Uzbekistan,UZB,2020,8.15
Uzbekistan,UZB,2021,6.88
Uzbekistan,UZB,2022,5.75
Uzbekistan,UZB,2023,4.48
Uzbekistan,UZB,2024,3.46
Uzbekistan,UZB,2025,2.65
Uzbekistan,UZB,2026,2.13
Uzbekistan,UZB,2027,1.71
Uzbekistan,UZB,2028,1.38
Uzbekistan,UZB,2029,1.12
Uzbekistan,UZB,2030,0.91
Vanuatu,VUT,2015,15.08
Vanuatu,VUT,2016,14.42
Vanuatu,VUT,2017,13.6
Vanuatu,VUT,2018,12.98
Vanuatu,VUT,2019,12.5
Vanuatu,VUT,2020,12.19
Vanuatu,VUT,2021,11.88
Vanuatu,VUT,2022,11.55
Vanuatu,VUT,2023,11.2
Vanuatu,VUT,2024,10.86
Vanuatu,VUT,2025,10.52
Vanuatu,VUT,2026,10.18
Vanuatu,VUT,2027,9.83
Vanuatu,VUT,2028,9.5
Vanuatu,VUT,2029,9.18
Vanuatu,VUT,2030,8.87
Venezuela,VEN,2015,8.44
Venezuela,VEN,2016,10.64
Venezuela,VEN,2017,11.78
Venezuela,VEN,2018,12.56
Venezuela,VEN,2019,12.93
Venezuela,VEN,2020,13.32
Venezuela,VEN,2021,13.73
Venezuela,VEN,2022,14.13
Venezuela,VEN,2023,14.59
Venezuela,VEN,2024,15.07
Venezuela,VEN,2025,15.57
Venezuela,VEN,2026,16.04
Venezuela,VEN,2027,16.53
Venezuela,VEN,2028,17.04
Venezuela,VEN,2029,17.57
Venezuela,VEN,2030,18.13
Vietnam,VNM,2015,1.7
Vietnam,VNM,2016,1.36
Vietnam,VNM,2017,1.08
Vietnam,VNM,2018,0.86
Vietnam,VNM,2019,0.69
Vietnam,VNM,2020,0.55
Vietnam,VNM,2021,0.44
Vietnam,VNM,2022,0.36
Vietnam,VNM,2023,0.3
Vietnam,VNM,2024,0.25
Vietnam,VNM,2025,0.21
Vietnam,VNM,2026,0.19
Vietnam,VNM,2027,0.16
Vietnam,VNM,2028,0.14
Vietnam,VNM,2029,0.13
Vietnam,VNM,2030,0.11
World,OWID_WRL,2015,9.91
World,OWID_WRL,2016,9.34
World,OWID_WRL,2017,8.72
World,OWID_WRL,2018,8.11
World,OWID_WRL,2019,7.6
World,OWID_WRL,2020,7.19
World,OWID_WRL,2021,6.87
World,OWID_WRL,2022,6.6
World,OWID_WRL,2023,6.35
World,OWID_WRL,2024,6.15
World,OWID_WRL,2025,5.97
World,OWID_WRL,2026,5.81
World,OWID_WRL,2027,5.65
World,OWID_WRL,2028,5.5
World,OWID_WRL,2029,5.37
World,OWID_WRL,2030,5.24
Yemen,YEM,2015,27.31
Yemen,YEM,2016,33.12
Yemen,YEM,2017,30.99
Yemen,YEM,2018,25.26
Yemen,YEM,2019,23.34
Yemen,YEM,2020,21.57
Yemen,YEM,2021,19.92
Yemen,YEM,2022,18.39
Yemen,YEM,2023,19.52
Yemen,YEM,2024,20.73
Yemen,YEM,2025,22.05
Yemen,YEM,2026,23.15
Yemen,YEM,2027,24.32
Yemen,YEM,2028,25.57
Yemen,YEM,2029,26.91
Yemen,YEM,2030,28.35
Zambia,ZMB,2015,57.28
Zambia,ZMB,2016,57.38
Zambia,ZMB,2017,57.26
Zambia,ZMB,2018,56.97
Zambia,ZMB,2019,56.64
Zambia,ZMB,2020,56.1
Zambia,ZMB,2021,55.58
Zambia,ZMB,2022,55.02
Zambia,ZMB,2023,53.88
Zambia,ZMB,2024,52.75
Zambia,ZMB,2025,51.65
Zambia,ZMB,2026,50.45
Zambia,ZMB,2027,49.27
Zambia,ZMB,2028,48.12
Zambia,ZMB,2029,46.99
Zambia,ZMB,2030,45.88
Zimbabwe,ZWE,2015,40.48
Zimbabwe,ZWE,2016,40.91
Zimbabwe,ZWE,2017,40.27
Zimbabwe,ZWE,2018,42.15
Zimbabwe,ZWE,2019,42.98
Zimbabwe,ZWE,2020,43.03
Zimbabwe,ZWE,2021,43.11
Zimbabwe,ZWE,2022,43.21
Zimbabwe,ZWE,2023,37.01
Zimbabwe,ZWE,2024,31.74
Zimbabwe,ZWE,2025,27.27
Zimbabwe,ZWE,2026,22.9
Zimbabwe,ZWE,2027,19.27
Zimbabwe,ZWE,2028,16.25
Zimbabwe,ZWE,2029,13.73
Zimbabwe,ZWE,2030,11.63